Tm,Week,Percent Capacity,Year,Away Team Wins,Home Team Wins,Time,International
BUF,1,0.9708272818679478,2013,0,0,0,0
CAR,1,0.9789894078833131,2013,0,0,0,0
CHI,1,1.0115934959349593,2013,0,0,0,0
CLE,1,1.0605359552727973,2013,0,0,0,0
DAL,1,1.06685,2013,0,0,0,0
DEN,1,1.011192118226601,2013,0,0,0,0
DET,1,0.9609384615384615,2013,0,0,0,0
IND,1,0.9762985074626865,2013,0,0,0,0
JAX,1,0.8758512927857542,2013,0,0,0,0
LAC,1,0.8435538045095733,2013,0,0,0,0
LAR,1,0.837560606060606,2013,0,0,0,0
NO,1,0.9882526499836084,2013,0,0,0,0
NYJ,1,0.9328121212121212,2013,0,0,0,0
PIT,1,0.9003654970760234,2013,0,0,0,0
SF,1,1.0,2013,0,0,0,0
WAS,1,0.9734470588235294,2013,0,0,0,0
ARI,2,0.9469085173501577,2013,1,0,0,0
ATL,2,0.9835457965968439,2013,1,0,0,0
BAL,2,1.0012674628210905,2013,0,0,0,0
BUF,2,0.9470869176628309,2013,0,0,0,0
CHI,2,1.0110731707317073,2013,0,1,0,0
CIN,2,0.9858047775318629,2013,0,0,0,0
GB,2,0.9579941307203989,2013,0,0,0,0
HOU,2,0.9930490168928274,2013,1,1,0,0
IND,2,0.9762089552238806,2013,1,1,0,0
KC,2,1.0070142378559463,2013,1,1,0,0
LV,2,0.8812458747346451,2013,0,0,0,0
NE,2,1.0288347872929418,2013,1,1,0,0
NYG,2,0.9852727272727273,2013,1,0,0,0
PHI,2,0.9935053738720616,2013,0,1,0,0
SEA,2,0.9904057971014493,2013,1,1,0,0
TB,2,0.879395532953856,2013,1,0,0,0
BAL,3,1.0022532672374944,2013,2,1,0,0
CAR,3,0.9850534948642259,2013,0,0,0,0
CIN,3,0.9865374341753796,2013,1,1,0,0
DAL,3,1.0106,2013,1,1,0,0
DEN,3,1.0112052545155994,2013,1,2,0,0
MIA,3,1.0816520221657533,2013,1,2,0,0
MIN,3,0.9929976138862463,2013,0,0,0,0
NE,3,1.0288347872929418,2013,0,2,0,0
NO,3,0.9979373838924708,2013,1,2,0,0
NYJ,3,0.9328121212121212,2013,1,1,0,0
PHI,3,0.9935053738720616,2013,2,1,0,0
PIT,3,0.9002192982456141,2013,2,0,0,0
SEA,3,0.986768115942029,2013,0,2,0,0
SF,3,1.0,2013,1,1,0,0
TEN,3,1.0,2013,1,1,0,0
WAS,3,0.9424823529411764,2013,1,0,0,0
ATL,4,0.9932049194137137,2013,3,1,0,0
BUF,4,0.9537481845603843,2013,2,1,0,0
CLE,4,1.0600613960937848,2013,2,1,0,0
DEN,4,1.01152052545156,2013,1,3,0,0
DET,4,0.9931076923076924,2013,3,2,0,0
HOU,4,0.9935751869288286,2013,3,2,0,0
JAX,4,0.8799640319584894,2013,2,0,0,0
KC,4,0.9603486180904522,2013,0,3,0,0
LAC,4,0.9722226158926319,2013,2,1,0,0
LAR,4,0.8581818181818182,2013,1,1,0,0
LV,4,0.9552598248211642,2013,0,1,0,0
MIN,4,0.971139534883721,2013,0,0,0,1
NO,4,0.9987706261610753,2013,3,3,0,0
TB,4,0.6494842382039354,2013,1,0,0,0
TEN,4,1.0,2013,2,2,0,0
ARI,5,0.9530914826498422,2013,1,2,0,0
ATL,5,0.9862132869096423,2013,2,1,0,0
CHI,5,1.014,2013,4,3,0,0
CIN,5,0.9808288178279784,2013,4,2,0,0
CLE,5,1.0564725423025019,2013,2,2,0,0
DAL,5,1.159475,2013,4,2,0,0
GB,5,0.9602043196915558,2013,3,1,0,0
IND,5,0.9941492537313433,2013,4,3,0,0
LAR,5,0.8222121212121212,2013,0,1,0,0
LV,5,0.8711490090443655,2013,2,1,0,0
MIA,5,1.0461684474787987,2013,2,3,0,0
NYG,5,0.9786424242424242,2013,1,0,0,0
SF,5,1.0,2013,2,2,0,0
TEN,5,1.0,2013,4,3,0,0
BAL,6,1.0043797881928798,2013,2,3,0,0
BUF,6,0.9459697240531784,2013,3,2,0,0
CHI,6,1.0142113821138212,2013,0,3,0,0
CLE,6,1.0605359552727973,2013,3,3,0,0
DAL,6,1.1279875,2013,1,2,0,0
DEN,6,1.00968144499179,2013,0,5,0,0
HOU,6,0.9845472168374412,2013,2,2,0,0
KC,6,0.9997121021775545,2013,2,5,0,0
LAC,6,0.8213318972236788,2013,4,2,0,0
MIN,6,0.9975359086726657,2013,1,1,0,0
NE,6,1.0288347872929418,2013,5,4,0,0
NYJ,6,0.9328121212121212,2013,0,3,0,0
SEA,6,0.9873478260869565,2013,3,4,0,0
SF,6,1.0,2013,3,3,0,0
TB,6,0.9030165563870669,2013,2,0,0,0
ARI,7,0.9652996845425867,2013,5,3,0,0
ATL,7,0.9760487448756107,2013,0,1,0,0
CAR,7,0.9708683398560113,2013,3,2,0,0
DET,7,0.9724153846153846,2013,4,4,0,0
GB,7,0.9553419039550104,2013,3,3,0,0
IND,7,1.0029253731343284,2013,6,4,0,0
JAX,7,0.8778265868687166,2013,3,0,0,0
KC,7,0.9699277638190955,2013,2,6,0,0
MIA,7,0.9275326822398432,2013,2,3,0,0
NYG,7,0.9613818181818182,2013,1,0,0,0
NYJ,7,0.9328121212121212,2013,5,3,0,0
PHI,7,0.9935053738720616,2013,3,3,0,0
PIT,7,0.9107456140350877,2013,3,1,0,0
TEN,7,1.0,2013,4,3,0,0
WAS,7,0.9782,2013,4,1,0,0
ARI,8,0.9569558359621451,2013,2,3,0,0
CIN,8,0.9551400442646722,2013,4,5,0,0
DEN,8,1.0119014778325124,2013,2,6,0,0
DET,8,0.9904461538461539,2013,4,4,0,0
JAX,8,0.9716162790697674,2013,5,0,0,1
KC,8,0.972401067839196,2013,3,7,0,0
LAR,8,0.8479696969696969,2013,6,3,0,0
LV,8,0.9445742726153736,2013,2,2,0,0
MIN,8,1.0002027416914896,2013,4,1,0,0
NE,8,1.0288347872929418,2013,3,5,0,0
NO,8,0.9890312534149274,2013,3,5,0,0
PHI,8,0.9935053738720616,2013,1,3,0,0
TB,8,0.853434077841024,2013,3,0,0,0
BUF,9,0.9518349905038543,2013,8,3,0,0
CAR,9,0.984679498310337,2013,2,4,0,0
CLE,9,1.0605359552727973,2013,3,3,0,0
DAL,9,1.067,2013,1,4,0,0
GB,9,0.9592465711373878,2013,4,5,0,0
HOU,9,0.9938798116865134,2013,5,2,0,0
LAR,9,0.8275303030303031,2013,3,3,0,0
LV,9,0.9231853292184741,2013,3,3,0,0
MIA,9,0.8019471573339865,2013,6,3,0,0
NE,9,1.0288347872929418,2013,2,6,0,0
NYJ,9,0.9328121212121212,2013,6,4,0,0
SEA,9,0.9836666666666667,2013,0,7,0,0
WAS,9,0.9425294117647058,2013,4,2,0,0
ARI,10,0.9597003154574133,2013,2,4,0,0
ATL,10,0.9870977705396754,2013,8,2,0,0
BAL,10,0.9997746732762506,2013,6,3,0,0
CHI,10,1.015138211382114,2013,5,5,0,0
GB,10,0.957883621271841,2013,4,5,0,0
IND,10,0.9851343283582089,2013,3,6,0,0
LAC,10,0.9757089610408016,2013,7,4,0,0
MIN,10,0.998284493379704,2013,3,1,0,0
NO,10,0.9974046552289367,2013,5,6,0,0
NYG,10,0.9741333333333333,2013,3,2,0,0
PIT,10,0.8831286549707602,2013,3,2,0,0
SF,10,1.0,2013,5,6,0,0
TB,10,0.9310872894333844,2013,4,0,0,0
TEN,10,1.0,2013,0,4,0,0
BUF,11,0.9501173053290135,2013,5,3,0,0
CAR,11,0.9914247933001189,2013,7,6,0,0
CHI,11,1.0140975609756098,2013,4,5,0,0
CIN,11,0.9746775547584523,2013,4,6,0,0
DEN,11,1.0124926108374384,2013,9,8,0,0
HOU,11,0.9931597895319856,2013,3,2,0,0
JAX,11,0.8824257790618827,2013,5,1,0,0
MIA,11,0.9223892477727091,2013,4,4,0,0
NO,11,0.9975002731941864,2013,6,7,0,0
NYG,11,0.9589575757575758,2013,5,3,0,0
PHI,11,0.9935053738720616,2013,3,5,0,0
PIT,11,0.8465643274853801,2013,6,3,0,0
SEA,11,0.9889130434782609,2013,2,9,0,0
TB,11,0.7997919616284781,2013,2,1,0,0
TEN,11,1.0,2013,6,4,0,0
ARI,12,0.9602839116719243,2013,7,6,0,0
ATL,12,0.9886842253046555,2013,8,2,0,0
BAL,12,1.0019716088328077,2013,5,4,0,0
CLE,12,1.0605359552727973,2013,4,4,0,0
DET,12,0.9553538461538461,2013,2,6,0,0
GB,12,0.9561645854053855,2013,0,0,0,0
HOU,12,0.9922320686790362,2013,1,2,0,0
KC,12,0.9848591917922948,2013,4,9,0,0
LAR,12,1.0003636363636363,2013,6,4,0,0
LV,12,0.8206111636370124,2013,4,4,0,0
MIA,12,0.9208584637051097,2013,7,5,0,0
NE,12,1.0288347872929418,2013,9,7,0,0
NYG,12,0.9757454545454546,2013,5,4,0,0
WAS,12,0.9385058823529412,2013,6,3,0,0
BAL,13,0.999957751239297,2013,5,5,0,0
BUF,13,0.5441989721818791,2013,2,4,0,0
CAR,13,0.9723242550122216,2013,3,8,0,0
CLE,13,1.032967032967033,2013,2,4,0,0
DAL,13,1.09465,2013,4,6,0,0
DET,13,0.9989846153846154,2013,0,6,0,0
HOU,13,0.9937551924674606,2013,8,2,0,0
IND,13,0.9776417910447761,2013,5,7,0,0
KC,13,1.008492985762144,2013,9,9,0,0
LAC,13,0.8720964838933689,2013,7,5,0,0
MIN,13,1.0002027416914896,2013,6,-1,0,0
NYJ,13,0.9328121212121212,2013,5,5,0,0
PHI,13,0.9935053738720616,2013,7,6,0,0
SEA,13,0.9911159420289855,2013,9,10,0,0
SF,13,1.0,2013,5,7,0,0
WAS,13,0.8849411764705882,2013,4,3,0,0
ARI,14,0.9565141955835962,2013,5,7,0,0
BAL,14,0.9987747859396124,2013,0,6,0,0
CHI,14,1.0118536585365854,2013,7,6,0,0
CIN,14,0.9540868503396169,2013,8,8,0,0
DEN,14,1.0056354679802955,2013,5,10,0,0
GB,14,0.9522230817401555,2013,3,-1,0,0
JAX,14,0.8905628114036381,2013,2,3,0,0
LAC,14,0.9230594804495401,2013,5,5,0,0
NE,14,1.0288347872929418,2013,4,9,0,0
NO,14,0.9983744945907551,2013,9,9,0,0
NYJ,14,0.9328121212121212,2013,4,5,0,0
PHI,14,0.9935053738720616,2013,7,7,0,0
PIT,14,0.7673830409356726,2013,6,5,0,0
SF,14,1.0,2013,11,8,0,0
TB,14,0.8551821780461729,2013,4,3,0,0
WAS,14,0.6617294117647059,2013,9,3,0,0
ATL,15,0.9837283090919301,2013,3,3,0,0
CAR,15,0.978415056032698,2013,6,9,0,0
CLE,15,1.0605359552727973,2013,7,4,0,0
DAL,15,1.138175,2013,-1,7,0,0
DEN,15,1.004886699507389,2013,6,11,0,0
DET,15,0.9960307692307693,2013,7,7,0,0
IND,15,0.9771641791044776,2013,2,8,0,0
JAX,15,0.885713022199947,2013,4,4,0,0
LAR,15,0.8854848484848484,2013,10,5,0,0
LV,15,0.8842963412241112,2013,10,4,0,0
MIA,15,1.1000673544989743,2013,10,7,0,0
MIN,15,0.9994697524991812,2013,8,-1,0,0
NYG,15,0.9659515151515151,2013,11,5,0,0
PIT,15,0.6706578947368421,2013,9,5,0,0
TB,15,0.9266664740385449,2013,9,4,0,0
TEN,15,1.0,2013,8,5,0,0
BAL,16,1.0059852410995944,2013,10,8,0,0
BUF,16,0.7583649871522735,2013,8,5,0,0
CAR,16,0.9860819853874203,2013,10,10,0,0
CIN,16,0.9395558269098679,2013,0,9,0,0
DET,16,0.9845538461538461,2013,5,7,0,0
GB,16,0.9577362753404305,2013,6,0,0,0
HOU,16,0.9936444198283024,2013,11,2,0,0
JAX,16,0.8927002564934108,2013,5,4,0,0
KC,16,0.9866520100502513,2013,9,11,0,0
LAC,16,0.9307549496180609,2013,4,7,0,0
LAR,16,0.824590909090909,2013,4,6,0,0
NYJ,16,0.9328121212121212,2013,4,6,0,0
PHI,16,0.9935053738720616,2013,8,8,0,0
SEA,16,0.9893623188405797,2013,9,12,0,0
SF,16,1.0,2013,4,10,0,0
WAS,16,0.9460117647058823,2013,7,3,0,0
ARI,17,1.0026813880126182,2013,11,10,0,0
ATL,17,0.9887544224181501,2013,11,4,0,0
CHI,17,1.0196422764227642,2013,-1,8,0,0
CIN,17,0.9525452186522171,2013,8,10,0,0
DAL,17,1.139575,2013,9,8,0,0
IND,17,0.9851940298507462,2013,4,10,0,0
LAC,17,0.9406612718073724,2013,11,8,0,0
LV,17,0.9187077439035267,2013,12,4,0,0
MIA,17,1.0760799681596913,2013,7,8,0,0
MIN,17,1.0002027416914896,2013,7,-1,0,0
NE,17,1.0288347872929418,2013,6,11,0,0
NO,17,0.9992077368593596,2013,4,10,0,0
NYG,17,0.9718424242424243,2013,3,6,0,0
PIT,17,0.8239912280701754,2013,4,7,0,0
SEA,17,0.9893333333333333,2013,7,12,0,0
TEN,17,1.0,2013,2,6,0,0
ARI,1,0.9667507886435331,2014,0,0,0,0
ATL,1,0.992671421351154,2014,0,0,0,0
BAL,1,0.9988311176205498,2014,0,0,0,0
CHI,1,1.0150406504065042,2014,0,0,0,0
DAL,1,1.139675,2014,0,0,0,0
DEN,1,1.0106929392446633,2014,0,0,0,0
DET,1,0.9907846153846154,2014,0,0,0,0
HOU,1,0.9937690390473553,2014,0,0,0,0
KC,1,0.9627434045226131,2014,0,0,0,0
LAR,1,0.8472575757575758,2014,0,0,0,0
MIA,1,1.0811927869454734,2014,0,0,0,0
NYJ,1,0.9473939393939393,2014,0,0,0,0
PHI,1,1.0,2014,0,0,0,0
PIT,1,0.9444152046783626,2014,0,0,0,0
SEA,1,0.9916521739130435,2014,0,0,0,0
TB,1,0.9021063885116588,2014,0,0,0,0
BAL,2,1.0024363452005407,2014,1,0,0,0
BUF,2,0.9769020221204334,2014,1,1,0,0
CAR,2,0.982889657659583,2014,1,1,0,0
CIN,2,0.894054796611463,2014,1,1,0,0
CLE,2,0.9996440806157405,2014,0,0,0,0
DEN,2,1.0101806239737274,2014,0,1,0,0
GB,2,0.9582519861003671,2014,1,0,0,0
IND,2,0.9682238805970149,2014,1,0,0,0
LAC,2,0.9625147035898017,2014,1,0,0,0
LV,2,0.9644290632748809,2014,1,0,0,0
MIN,2,0.9966682532127559,2014,0,1,0,0
NYG,2,0.9496242424242424,2014,1,0,0,0
SF,2,1.0335620437956203,2014,0,1,0,0
TB,2,0.8657141206044671,2014,0,0,0,0
TEN,2,1.0,2014,0,1,0,0
WAS,2,0.9416117647058824,2014,0,0,0,0
ARI,3,0.971167192429022,2014,1,2,0,0
ATL,3,0.9872241253439659,2014,0,1,0,0
BUF,3,0.9581471343983913,2014,1,2,0,0
CAR,3,0.9876848277612299,2014,1,2,0,0
CIN,3,0.8661069983973136,2014,1,2,0,0
CLE,3,0.9996440806157405,2014,1,1,0,0
DET,3,0.960276923076923,2014,1,1,0,0
JAX,3,0.8933193785194139,2014,0,0,0,0
LAR,3,0.8899848484848485,2014,1,1,0,0
MIA,3,1.0763402014511834,2014,0,1,0,0
NE,3,1.0288347872929418,2014,0,1,0,0
NO,3,0.9972270790077588,2014,1,0,0,0
NYG,3,0.9389333333333333,2014,2,0,0,0
NYJ,3,0.9473939393939393,2014,1,1,0,0
PHI,3,1.0,2014,1,2,0,0
SEA,3,0.9919855072463768,2014,2,1,0,0
BAL,4,1.0029574132492114,2014,2,2,0,0
CHI,4,1.0038373983739837,2014,1,2,0,0
DAL,4,1.1397,2014,1,2,0,0
HOU,4,0.9935751869288286,2014,2,2,0,0
IND,4,0.9665223880597015,2014,1,1,0,0
KC,4,1.0025779941373534,2014,2,1,0,0
LAC,4,0.8014767364408101,2014,0,2,0,0
LV,4,0.9701860465116279,2014,1,0,0,1
MIN,4,0.9932984293193717,2014,2,1,0,0
NYJ,4,0.9473939393939393,2014,2,1,0,0
PIT,4,0.9197368421052632,2014,0,2,0,0
SF,4,1.0335620437956203,2014,3,1,0,0
WAS,4,0.9479176470588235,2014,1,1,0,0
CAR,5,0.9838647201036504,2014,2,2,0,0
DAL,5,1.1394875,2014,3,3,0,0
DEN,5,1.0101149425287357,2014,3,2,0,0
DET,5,0.9657692307692308,2014,2,3,0,0
GB,5,0.9584116108593952,2014,2,2,0,0
IND,5,0.974,2014,3,2,0,0
JAX,5,0.9758247589846398,2014,2,0,0,0
LAC,5,0.8995195646320205,2014,1,3,0,0
NE,5,1.0288347872929418,2014,3,2,0,0
NO,5,0.9972134192984373,2014,1,1,0,0
NYG,5,0.9734181818181818,2014,2,2,0,0
PHI,5,1.0,2014,1,3,0,0
SF,5,1.0335620437956203,2014,2,2,0,0
TEN,5,1.0,2014,1,1,0,0
WAS,5,0.9355529411764706,2014,2,1,0,0
ARI,6,0.9643375394321767,2014,1,3,0,0
ATL,6,0.9927556578873477,2014,2,2,0,0
BUF,6,0.9801279186683052,2014,3,3,0,0
CIN,6,0.870838739220026,2014,0,0,0,0
CLE,6,1.0,2014,3,2,0,0
HOU,6,0.9940044309055663,2014,3,3,0,0
LAR,6,0.8613787878787879,2014,3,1,0,0
LV,6,0.9513352480510908,2014,4,0,0,0
MIA,6,1.0849432079110921,2014,3,2,0,0
MIN,6,0.9940599714421704,2014,3,2,0,0
NYJ,6,0.9473939393939393,2014,3,1,0,0
PHI,6,1.0,2014,3,4,0,0
SEA,6,0.991768115942029,2014,4,3,0,0
TB,6,0.8674188794822156,2014,3,1,0,0
TEN,6,1.0,2014,0,1,0,0
BAL,7,1.0024785939612437,2014,2,4,0,0
BUF,7,0.9562758351022232,2014,2,3,0,0
CHI,7,1.0148455284552846,2014,2,3,0,0
DAL,7,1.13785,2014,3,5,0,0
DEN,7,1.012111658456486,2014,4,4,0,0
DET,7,0.9734,2014,2,4,0,0
GB,7,0.9590501098955072,2014,0,4,0,0
IND,7,0.9931194029850746,2014,0,4,0,0
JAX,7,0.9042277189775642,2014,3,0,0,0
LAC,7,0.9248735136973683,2014,2,5,0,0
LAR,7,0.8765909090909091,2014,3,1,0,0
LV,7,0.9294289740799543,2014,4,0,0,0
NE,7,1.0288347872929418,2014,1,4,0,0
PIT,7,0.8241959064327485,2014,3,3,0,0
WAS,7,0.8850235294117647,2014,2,1,0,0
ARI,8,0.974589905362776,2014,5,5,0,0
ATL,8,0.9713023255813954,2014,5,2,0,1
CAR,8,0.9889804586800593,2014,3,0,0,0
CIN,8,0.8503548805617034,2014,5,-1,0,0
CLE,8,1.0,2014,0,3,0,0
DAL,8,1.0881875,2014,2,6,0,0
DEN,8,1.0102725779967159,2014,5,5,0,0
JAX,8,0.9674960936348359,2014,3,1,0,0
KC,8,0.9941896984924623,2014,2,3,0,0
NE,8,1.0288347872929418,2014,3,5,0,0
NO,8,0.9991530980220741,2014,5,2,0,0
NYJ,8,0.9473939393939393,2014,4,1,0,0
PIT,8,0.9134356725146199,2014,5,4,0,0
TB,8,0.8173740934439019,2014,2,1,0,0
TEN,8,1.0,2014,3,2,0,0
CAR,9,0.9839181481827775,2014,3,0,0,0
CIN,9,0.916690834160116,2014,1,-1,0,0
CLE,9,1.0,2014,1,4,0,0
DAL,9,1.0711,2014,6,6,0,0
HOU,9,0.993907504846303,2014,5,4,0,0
KC,9,0.970045540201005,2014,1,4,0,0
MIA,9,1.074947187949668,2014,5,4,0,0
MIN,9,0.9948024750118991,2014,3,3,0,0
NE,9,1.0288347872929418,2014,6,6,0,0
NYG,9,0.9451515151515152,2014,5,3,0,0
PIT,9,0.9352485380116959,2014,5,5,0,0
SEA,9,0.9903913043478261,2014,0,4,0,0
SF,9,1.0335620437956203,2014,2,4,0,0
ARI,10,0.9678706624605679,2014,3,7,0,0
BAL,10,0.9986762054979721,2014,2,5,0,0
BUF,10,0.9512763936990281,2014,5,5,0,0
CIN,10,1.0054338701060825,2014,5,0,0,0
DET,10,0.9719846153846153,2014,5,6,0,0
GB,10,0.9613339718323695,2014,3,5,0,0
JAX,10,0.9721279069767442,2014,6,1,0,1
LV,10,0.9776299124105821,2014,6,0,0,0
NO,10,0.9989208829636105,2014,4,4,0,0
NYJ,10,0.9473939393939393,2014,6,1,0,0
PHI,10,1.0,2014,0,6,0,0
SEA,10,0.9906086956521739,2014,3,5,0,0
TB,10,0.8343349995665867,2014,2,1,0,0
ARI,11,0.9855993690851735,2014,7,8,0,0
CAR,11,0.979256548278948,2014,3,0,0,0
CHI,11,1.0047479674796749,2014,4,3,0,0
CLE,11,1.0,2014,4,6,0,0
GB,11,0.9610638376247835,2014,7,6,0,0
IND,11,0.9962835820895523,2014,7,6,0,0
KC,11,1.000615054438861,2014,6,6,0,0
LAC,11,0.9455648304304077,2014,0,5,0,0
LAR,11,0.9000151515151515,2014,7,3,0,0
MIA,11,1.095628080702936,2014,5,5,0,0
NO,11,0.9981559392416129,2014,-1,4,0,0
NYG,11,0.9739636363636364,2014,5,3,0,0
TEN,11,1.0,2014,6,2,0,0
WAS,11,0.9110823529411765,2014,1,3,0,0
ATL,12,0.9834054023698545,2014,6,4,0,0
CHI,12,0.9936422764227643,2014,2,4,0,0
DEN,12,1.0113234811165845,2014,6,7,0,0
HOU,12,0.9938659651066186,2014,-1,5,0,0
IND,12,0.9601194029850746,2014,1,6,0,0
LAC,12,0.9359277788013208,2014,4,6,0,0
LV,12,0.9430579588632999,2014,7,0,0,0
MIN,12,0.9973536411232746,2014,7,4,0,0
NE,12,1.0288347872929418,2014,7,8,0,0
NO,12,1.0022538520380286,2014,6,4,0,0
NYG,12,0.976,2014,7,3,0,0
PHI,12,1.0,2014,2,7,0,0
SEA,12,0.9902463768115942,2014,9,6,0,0
SF,12,1.0335620437956203,2014,3,6,0,0
ATL,13,0.9765401246700736,2014,9,4,0,0
BAL,13,1.0007323118521856,2014,7,7,0,0
BUF,13,0.9576583621941682,2014,7,6,0,0
DAL,13,1.1422375,2014,8,8,0,0
DET,13,0.9873076923076923,2014,5,7,0,0
GB,13,0.9630407288712074,2014,9,8,0,0
HOU,13,0.9929936305732484,2014,2,5,0,0
IND,13,0.9754029850746269,2014,3,7,0,0
JAX,13,0.9535511070491465,2014,3,1,0,0
KC,13,1.0062552345058626,2014,8,7,0,0
LAR,13,0.8431818181818181,2014,1,4,0,0
MIN,13,0.9903093764873869,2014,0,4,0,0
NYJ,13,0.9473939393939393,2014,6,2,0,0
PIT,13,0.9052046783625731,2014,4,7,0,0
SF,13,1.0335620437956203,2014,7,7,0,0
TB,13,0.8139501285792713,2014,-1,2,0,0
ARI,14,0.9840220820189275,2014,7,9,0,0
CHI,14,1.0009430894308944,2014,8,5,0,0
CIN,14,0.9999542089597802,2014,7,0,0,0
CLE,14,1.0,2014,8,7,0,0
DEN,14,1.010351395730706,2014,7,9,0,0
DET,14,0.9459846153846154,2014,2,8,0,0
GB,14,0.951756486290689,2014,5,9,0,0
JAX,14,0.9002329078097822,2014,6,2,0,0
LAC,14,0.9752554527288445,2014,9,8,0,0
LV,14,0.9864958881138841,2014,7,1,0,0
MIA,14,1.0752839604445397,2014,7,7,0,0
MIN,14,0.9928986197049025,2014,2,5,0,0
NO,14,0.9972407387170801,2014,-1,5,0,0
PHI,14,1.0,2014,8,9,0,0
TEN,14,1.0,2014,3,2,0,0
WAS,14,0.8367058823529412,2014,5,3,0,0
ATL,15,0.9990593586791711,2014,8,5,0,0
BAL,15,0.9970848355114916,2014,2,8,0,0
BUF,15,0.9805329013518043,2014,10,7,0,0
CAR,15,0.9729520349419637,2014,2,-1,0,0
CHI,15,0.9918048780487805,2014,5,5,0,0
CLE,15,1.0,2014,-1,7,0,0
DET,15,0.9613846153846154,2014,6,9,0,0
IND,15,0.9723582089552238,2014,7,9,0,0
KC,15,0.9442132537688442,2014,2,7,0,0
LAC,15,0.9733705588072732,2014,10,8,0,0
LAR,15,0.8466666666666667,2014,10,6,0,0
NE,15,1.0288347872929418,2014,7,10,0,0
NYG,15,0.9409454545454545,2014,3,4,0,0
PHI,15,1.0,2014,9,9,0,0
SEA,15,0.9931304347826087,2014,7,9,0,0
TEN,15,1.0,2014,2,2,0,0
ARI,16,1.006403785488959,2014,10,11,0,0
CAR,16,0.9858816300906942,2014,7,-1,0,0
CHI,16,0.9986991869918699,2014,10,5,0,0
CIN,16,1.0090360986033733,2014,11,-1,0,0
DAL,16,1.1487375,2014,10,10,0,0
HOU,16,0.99378288562725,2014,9,7,0,0
JAX,16,0.9021787198915062,2014,2,2,0,0
LAR,16,0.8462272727272727,2014,5,6,0,0
LV,16,0.953244019480172,2014,8,2,0,0
MIA,16,1.013424976272847,2014,6,7,0,0
NO,16,0.999398972789859,2014,5,6,0,0
NYJ,16,0.9473939393939393,2014,11,3,0,0
PIT,16,0.8898391812865497,2014,8,9,0,0
SF,16,1.0321021897810219,2014,8,7,0,0
TB,16,0.9281834204975584,2014,10,2,0,0
WAS,16,0.9282,2014,9,3,0,0
ATL,17,0.9970096029651261,2014,-1,6,0,0
BAL,17,1.000873141054529,2014,7,9,0,0
DEN,17,1.0105615763546798,2014,3,11,0,0
GB,17,0.962758315836004,2014,11,11,0,0
HOU,17,0.9938659651066186,2014,3,8,0,0
KC,17,0.9677554438860971,2014,9,8,0,0
MIA,17,1.0749165722683158,2014,3,8,0,0
MIN,17,0.9969347929557354,2014,5,6,0,0
NE,17,1.0288347872929418,2014,8,12,0,0
NYG,17,0.9593939393939394,2014,9,6,0,0
PIT,17,0.9458625730994152,2014,0,10,0,0
SEA,17,0.992072463768116,2014,6,11,0,0
SF,17,1.0321021897810219,2014,11,7,0,0
TB,17,0.8661330867693374,2014,6,2,0,0
TEN,17,1.0,2014,10,2,0,0
WAS,17,0.9517294117647059,2014,11,4,0,0
ARI,1,0.9921608832807571,2015,0,0,0,0
ATL,1,0.9900039310383557,2015,0,0,0,0
BUF,1,0.9819992179644732,2015,0,0,0,0
CHI,1,1.0153170731707317,2015,0,0,0,0
DAL,1,1.1697375,2015,0,0,0,0
DEN,1,1.0088407224958948,2015,0,0,0,0
HOU,1,0.993852118526724,2015,0,0,0,0
JAX,1,0.895265190601138,2015,0,0,0,0
LAC,1,0.9366789019429996,2015,0,0,0,0
LAR,1,0.7847272727272727,2015,0,0,0,0
LV,1,0.972224699859072,2015,0,0,0,0
NE,1,1.0,2015,0,0,0,0
NYJ,1,0.9473939393939393,2015,0,0,0,0
SF,1,1.029182481751825,2015,0,0,0,0
TB,1,0.9238203935392528,2015,0,0,0,0
WAS,1,0.9001411764705882,2015,0,0,0,0
BUF,2,0.9895263099095073,2015,1,1,0,0
CAR,2,0.9784551270920432,2015,0,1,0,0
CHI,2,1.0138373983739837,2015,1,0,0,0
CIN,2,0.8788674349385637,2015,1,1,0,0
CLE,2,1.0,2015,1,0,0,0
GB,2,0.9630652865264424,2015,0,1,0,0
IND,2,0.9734328358208956,2015,1,0,0,0
JAX,2,0.9646953035172028,2015,1,0,0,0
KC,2,0.9998429648241206,2015,1,1,0,0
LV,2,0.954385714540557,2015,0,0,0,0
MIN,2,0.9960780580675869,2015,0,0,0,0
NO,2,0.9972407387170801,2015,0,0,0,0
NYG,2,0.9415515151515151,2015,1,0,0,0
PHI,2,0.995689407437209,2015,1,0,0,0
PIT,2,0.971812865497076,2015,1,0,0,0
WAS,2,0.8524705882352941,2015,1,0,0,0
ARI,3,1.004148264984227,2015,1,2,0,0
BAL,3,0.9994648490310951,2015,2,0,0,0
CAR,3,0.9804319660197417,2015,0,2,0,0
CLE,3,1.0,2015,1,1,0,0
DAL,3,1.1293125,2015,2,2,0,0
DET,3,0.968,2015,2,0,0,0
GB,3,0.9603762232782014,2015,1,2,0,0
HOU,3,0.9930490168928274,2015,1,0,0,0
LAR,3,0.7944393939393939,2015,1,1,0,0
MIA,3,0.9930043168110706,2015,1,1,0,0
MIN,3,0.9976201808662541,2015,1,1,0,0
NE,3,1.0,2015,1,2,0,0
NYG,3,0.9221939393939393,2015,1,0,0,0
NYJ,3,0.9473939393939393,2015,0,2,0,0
SEA,3,1.0000289855072464,2015,0,0,0,0
TEN,3,0.9533864599453307,2015,0,1,0,0
ARI,4,0.9959936908517351,2015,1,3,0,0
ATL,4,0.9814118043466052,2015,1,3,0,0
BUF,4,0.9869986593676684,2015,1,2,0,0
CHI,4,1.014780487804878,2015,2,0,0,0
CIN,4,0.8776310768526292,2015,1,3,0,0
DEN,4,1.0118752052545157,2015,2,3,0,0
IND,4,0.9792388059701492,2015,1,1,0,0
LAC,4,0.9029067048369496,2015,1,1,0,0
MIA,4,0.9765813953488373,2015,2,1,0,1
NO,4,0.9972817178450443,2015,2,0,0,0
PIT,4,0.9346345029239767,2015,0,2,0,0
SEA,4,1.000072463768116,2015,0,1,0,0
SF,4,1.0335620437956203,2015,3,1,0,0
TB,4,0.8302464676818169,2015,3,1,0,0
WAS,4,0.8796117647058823,2015,1,1,0,0
ATL,5,0.9852586061661145,2015,2,4,0,0
BAL,5,1.0005351509689049,2015,1,1,0,0
CIN,5,0.9922002594825613,2015,2,4,0,0
DAL,5,1.163175,2015,3,2,0,0
DET,5,0.9356307692307693,2015,3,0,0,0
GB,5,0.963053007698825,2015,2,4,0,0
HOU,5,0.9932428690113542,2015,2,1,0,0
KC,5,0.9919257747068677,2015,1,1,0,0
LAC,5,0.9588582928246482,2015,2,2,0,0
LV,5,0.972224699859072,2015,4,2,0,0
NYG,5,0.9516969696969697,2015,1,2,0,0
PHI,5,0.995689407437209,2015,1,1,0,0
TB,5,0.8450114132162154,2015,1,1,0,0
TEN,5,0.9497707649364361,2015,2,1,0,0
BUF,6,0.9718606859568764,2015,5,3,0,0
CLE,6,1.0,2015,5,2,0,0
DET,6,0.8868923076923076,2015,2,0,0,0
GB,6,0.96307756535406,2015,2,5,0,0
IND,6,0.9959104477611941,2015,4,3,0,0
JAX,6,0.8562310209617029,2015,1,1,0,0
MIN,6,0.9991432651118515,2015,1,2,0,0
NO,6,0.9974046552289367,2015,5,1,0,0
NYJ,6,0.9473939393939393,2015,2,3,0,0
PHI,6,0.995689407437209,2015,3,2,0,0
PIT,6,0.9334210526315789,2015,4,3,0,0
SEA,6,1.0002898550724637,2015,4,2,0,0
SF,6,1.0335620437956203,2015,1,1,0,0
TEN,6,0.901638632978031,2015,1,1,0,0
ARI,7,1.0208517350157729,2015,1,4,0,0
CAR,7,0.9910107256868848,2015,3,5,0,0
DET,7,0.9266307692307693,2015,3,1,0,0
IND,7,0.9913432835820896,2015,2,3,0,0
JAX,7,0.9769883720930232,2015,3,1,0,1
KC,7,0.9993326005025126,2015,4,1,0,0
LAC,7,0.9572143251938039,2015,2,2,0,0
LAR,7,0.7806515151515151,2015,2,2,0,0
MIA,7,0.9988519119493005,2015,2,2,0,0
NE,7,1.0,2015,4,5,0,0
NYG,7,0.9735636363636364,2015,2,3,0,0
SF,7,1.0335620437956203,2015,2,2,0,0
TEN,7,0.915913396873147,2015,5,1,0,0
WAS,7,0.8577882352941176,2015,2,2,0,0
ATL,8,0.9901162464199472,2015,2,6,0,0
BAL,8,0.9974791572780531,2015,2,1,0,0
CAR,8,0.9902360185395435,2015,3,6,0,0
CHI,8,1.0131869918699188,2015,4,2,0,0
CLE,8,1.0,2015,5,2,0,0
DAL,8,1.143575,2015,3,2,0,0
DEN,8,1.01247947454844,2015,6,6,0,0
HOU,8,0.9918305178620881,2015,1,2,0,0
KC,8,0.9723720930232558,2015,1,2,0,1
LAR,8,0.7758636363636363,2015,2,3,0,0
LV,8,0.975792496922775,2015,4,3,0,0
NE,8,1.0,2015,3,6,0,0
NO,8,0.9974183149382582,2015,4,3,0,0
PIT,8,0.9466374269005848,2015,6,4,0,0
BUF,9,0.9805329013518043,2015,3,3,0,0
CAR,9,0.994577049968611,2015,6,7,0,0
CIN,9,1.004594367702053,2015,2,7,0,0
DAL,9,1.1478375,2015,3,2,0,0
IND,9,0.9984179104477612,2015,7,3,0,0
LAC,9,0.9641728433553947,2015,2,2,0,0
MIN,9,0.997734412184674,2015,4,5,0,0
NE,9,1.0,2015,3,7,0,0
NO,9,0.9981832586602557,2015,1,4,0,0
NYJ,9,0.9473939393939393,2015,2,4,0,0
PIT,9,0.9578947368421052,2015,4,4,0,0
SF,9,1.0335620437956203,2015,6,2,0,0
TB,9,0.9296859198474385,2015,4,3,0,0
BAL,10,0.9975918206399279,2015,2,2,0,0
CIN,10,0.9368999465771197,2015,3,8,0,0
DEN,10,1.0111395730706076,2015,3,7,0,0
GB,10,0.9642072174948736,2015,1,6,0,0
LAR,10,0.8886818181818181,2015,3,4,0,0
LV,10,0.975792496922775,2015,6,4,0,0
NYG,10,0.9825575757575757,2015,8,5,0,0
NYJ,10,0.9473939393939393,2015,4,5,0,0
PHI,10,1.0,2015,3,4,0,0
PIT,10,0.9415497076023391,2015,2,5,0,0
SEA,10,1.000072463768116,2015,6,4,0,0
TB,10,0.9262475078736745,2015,2,3,0,0
TEN,10,0.9197026452424685,2015,8,2,0,0
WAS,10,0.8833647058823529,2015,4,3,0,0
ARI,11,1.0212145110410094,2015,8,7,0,0
ATL,11,0.9888386589543438,2015,4,6,0,0
BAL,11,1.001366043262731,2015,4,2,0,0
CAR,11,0.9940026981179959,2015,4,9,0,0
CHI,11,1.0159837398373983,2015,7,4,0,0
DET,11,0.9261846153846154,2015,4,2,0,0
HOU,11,0.9930490168928274,2015,5,4,0,0
JAX,11,0.8862436982222354,2015,2,3,0,0
LAC,11,0.9330508354473435,2015,4,2,0,0
MIA,11,0.9967700456173653,2015,2,4,0,0
MIN,11,1.0000761542122798,2015,6,7,0,0
NE,11,1.0,2015,5,9,0,0
PHI,11,1.0,2015,4,4,0,0
SEA,11,0.9998985507246377,2015,3,4,0,0
ATL,12,0.9913236367720559,2015,7,6,0,0
CIN,12,0.9314202854308173,2015,4,8,0,0
CLE,12,0.9547537482760154,2015,3,2,0,0
DAL,12,1.1363625,2015,10,3,0,0
DEN,12,1.0111001642036124,2015,10,8,0,0
DET,12,0.9914615384615385,2015,4,3,0,0
GB,12,0.9637406220454071,2015,4,7,0,0
HOU,12,0.9938798116865134,2015,4,5,0,0
IND,12,0.9805373134328358,2015,5,5,0,0
JAX,12,0.8767504938235208,2015,2,4,0,0
KC,12,0.9486625837520938,2015,5,5,0,0
NYJ,12,0.9473939393939393,2015,4,5,0,0
SEA,12,1.0007971014492754,2015,6,5,0,0
SF,12,1.0335620437956203,2015,8,3,0,0
TEN,12,0.8399259505662179,2015,4,2,0,0
WAS,12,0.9102,2015,5,4,0,0
BUF,13,0.9572114847503073,2015,6,5,0,0
CHI,13,1.009560975609756,2015,3,5,0,0
CLE,13,0.9606115881419525,2015,9,2,0,0
DET,13,0.9724153846153846,2015,7,4,0,0
LAC,13,0.9726477799350917,2015,9,3,0,0
LAR,13,0.7744696969696969,2015,9,4,0,0
LV,13,0.9813225823715147,2015,6,5,0,0
MIA,13,0.9876465725744726,2015,4,4,0,0
MIN,13,0.9981913374583532,2015,6,8,0,0
NE,13,1.0,2015,4,10,0,0
NO,13,0.9984837722653261,2015,11,4,0,0
NYG,13,0.9805818181818182,2015,6,5,0,0
PIT,13,0.8582017543859649,2015,6,6,0,0
TB,13,0.841125140859314,2015,6,5,0,0
TEN,13,0.8295127489406013,2015,4,2,0,0
WAS,13,0.9464,2015,3,5,0,0
ARI,14,1.0218296529968454,2015,8,10,0,0
BAL,14,1.002408179360072,2015,7,4,0,0
CAR,14,0.9940294121575594,2015,6,12,0,0
CHI,14,0.9922926829268293,2015,5,5,0,0
CIN,14,1.00074792032359,2015,7,10,0,0
CLE,14,0.9478726401803325,2015,4,2,0,0
DEN,14,1.0091822660098522,2015,5,10,0,0
GB,14,0.96227944155892,2015,4,8,0,0
HOU,14,0.995679867072833,2015,10,6,0,0
JAX,14,0.919425690615879,2015,6,4,0,0
KC,14,0.9463201423785594,2015,3,7,0,0
LAR,14,0.7757878787878788,2015,4,4,0,0
MIA,14,1.0012552429354316,2015,5,5,0,0
NYJ,14,0.9473939393939393,2015,3,7,0,0
PHI,14,1.0,2015,6,5,0,0
TB,14,0.8977144673350862,2015,4,6,0,0
BAL,15,0.9969440063091483,2015,8,4,0,0
DAL,15,1.1293125,2015,8,4,0,0
IND,15,0.9863134328358208,2015,6,6,0,0
JAX,15,0.9436598956337157,2015,6,5,0,0
LAC,15,0.9449412565014668,2015,5,3,0,0
LAR,15,0.7771969696969697,2015,6,5,0,0
LV,15,0.9826961842410403,2015,9,6,0,0
MIN,15,0.9980199904807234,2015,5,8,0,0
NE,15,1.0,2015,3,11,0,0
NO,15,0.9973909955196153,2015,4,5,0,0
NYG,15,0.9628606060606061,2015,13,6,0,0
PHI,15,1.0,2015,11,6,0,0
PIT,15,0.982953216374269,2015,10,8,0,0
SEA,15,1.0000289855072464,2015,3,8,0,0
SF,15,1.0335620437956203,2015,10,4,0,0
WAS,15,0.942635294117647,2015,6,6,0,0
ARI,16,1.0233123028391167,2015,10,12,0,0
ATL,16,0.9965322625933621,2015,14,7,0,0
BAL,16,1.003562978819288,2015,9,4,0,0
BUF,16,0.9799463747067366,2015,4,6,0,0
DEN,16,1.00976026272578,2015,11,10,0,0
DET,16,0.9432769230769231,2015,4,5,0,0
KC,16,0.9044571817420436,2015,3,9,0,0
LV,16,0.9704408013272205,2015,4,6,0,0
MIA,16,1.0023880231454552,2015,6,5,0,0
MIN,16,0.9986673012851023,2015,6,9,0,0
NO,16,0.9980330018577205,2015,5,5,0,0
NYJ,16,0.9473939393939393,2015,12,9,0,0
PHI,16,1.0,2015,7,6,0,0
SEA,16,1.001159420289855,2015,6,9,0,0
TB,16,0.9207720535120922,2015,5,6,0,0
TEN,16,0.8989051675513067,2015,7,3,0,0
ARI,17,1.0196529968454258,2015,9,13,0,0
ATL,17,0.9785337226933228,2015,6,8,0,0
BUF,17,0.95897106468551,2015,10,7,0,0
CAR,17,0.9906768001923411,2015,6,14,0,0
CHI,17,0.9947479674796748,2015,6,6,0,0
CIN,17,0.8739067389147523,2015,5,11,0,0
CLE,17,0.9890554789340215,2015,9,3,0,0
DAL,17,1.1265875,2015,8,4,0,0
DEN,17,1.0094449917898194,2015,4,11,0,0
GB,17,0.9628074311464742,2015,10,10,0,0
HOU,17,0.9955552478537801,2015,5,8,0,0
IND,17,0.981089552238806,2015,3,7,0,0
KC,17,0.9960479480737019,2015,7,10,0,0
MIA,17,0.9631387196522059,2015,12,5,0,0
NYG,17,0.9457333333333333,2015,6,6,0,0
SF,17,1.0335620437956203,2015,7,4,0,0
ARI,1,1.0230914826498423,2016,0,0,0,0
ATL,1,0.9740832256977593,2016,0,0,0,0
BAL,1,1.0013519603424965,2016,0,0,0,0
DAL,1,1.1608375,2016,0,0,0,0
DEN,1,1.009431855500821,2016,0,0,0,0
HOU,1,0.9960260315702022,2016,0,0,0,0
IND,1,0.9785970149253731,2016,0,0,0,0
JAX,1,0.9313216781155105,2016,0,0,0,0
KC,1,0.958411850921273,2016,0,0,0,0
NO,1,0.9975412523221506,2016,0,0,0,0
NYJ,1,0.9473939393939393,2016,0,0,0,0
PHI,1,1.0,2016,0,0,0,0
SEA,1,1.0001739130434784,2016,0,0,0,0
SF,1,1.0244963503649636,2016,0,0,0,0
TEN,1,0.9229567707504737,2016,0,0,0,0
WAS,1,0.9649268292682927,2016,0,0,0,0
ARI,2,1.0130914826498423,2016,1,0,0,0
BUF,2,0.9811194279968719,2016,0,0,0,0
CAR,2,0.9903295176780157,2016,1,0,0,0
CHI,2,1.0124878048780488,2016,1,0,0,0
CLE,2,1.0,2016,7,1,0,0
DEN,2,1.0033366174055829,2016,0,1,0,0
DET,2,0.8994769230769231,2016,0,1,0,0
HOU,2,0.9954306286347272,2016,1,1,0,0
LAC,2,0.7392894091637023,2016,0,0,0,0
LAR,2,1.160309429441676,2016,1,0,0,0
LV,2,0.9647501650106142,2016,0,1,0,0
MIN,2,1.002370414822594,2016,1,1,0,0
NE,2,1.0,2016,0,1,0,0
NYG,2,0.9421454545454545,2016,7,10,0,0
PIT,2,0.951345029239766,2016,1,1,0,0
WAS,2,0.9830731707317073,2016,12,0,0,0
BUF,3,0.9586498715227348,2016,1,0,0,0
CAR,3,0.9859217011500394,2016,2,1,0,0
CIN,3,0.9745859726780127,2016,2,1,0,0
DAL,3,1.131925,2016,0,1,0,0
GB,3,0.9627951523188566,2016,1,1,0,0
IND,3,0.9663731343283583,2016,1,0,0,0
JAX,3,0.8863321442259501,2016,2,0,0,0
KC,3,0.9368064279731994,2016,1,1,0,0
MIA,3,0.9977038238986009,2016,0,0,0,0
NE,3,1.0,2016,2,2,0,0
NO,3,0.997199759589116,2016,1,0,0,0
NYG,3,0.9499151515151515,2016,0,2,0,0
PHI,3,1.0,2016,2,2,0,0
SEA,3,1.000144927536232,2016,1,1,0,0
TB,3,0.7947210263226329,2016,1,1,0,0
TEN,3,0.9020435908190272,2016,1,1,0,0
ARI,4,1.0192744479495268,2016,2,1,0,0
ATL,4,0.9898916156567642,2016,1,2,0,0
BAL,4,1.0020279405137449,2016,2,3,0,0
CHI,4,0.9892845528455284,2016,1,0,0,0
CIN,4,0.9285507135770434,2016,1,1,0,0
HOU,4,0.9943921351426198,2016,1,2,0,0
JAX,4,0.974,2016,1,0,0,1
LAC,4,0.8594124232933207,2016,0,1,0,0
MIN,4,1.0005250918910809,2016,2,3,0,0
NE,4,1.0,2016,1,3,0,0
NYJ,4,0.9473939393939393,2016,2,1,0,0
PIT,4,0.8958771929824562,2016,2,2,0,0
SF,4,1.0244963503649636,2016,2,1,0,0
TB,4,0.8722442139327921,2016,3,1,0,0
WAS,4,0.9298658536585366,2016,0,1,0,0
BAL,5,1.0043657052726453,2016,2,3,0,0
CAR,5,0.9807391774747218,2016,1,1,0,0
CLE,5,1.0,2016,3,0,0,0
DAL,5,1.1456625,2016,2,3,0,0
DEN,5,1.0088932676518882,2016,3,4,0,0
DET,5,0.8930307692307692,2016,3,1,0,0
GB,5,0.9626723640426812,2016,2,2,0,0
IND,5,0.9943582089552239,2016,1,1,0,0
LAR,5,1.0664228274306395,2016,2,3,0,0
LV,5,0.9682109281624062,2016,1,3,0,0
MIA,5,0.9862076355509292,2016,1,1,0,0
MIN,5,1.0004200735128648,2016,3,4,0,0
PIT,5,0.9705409356725146,2016,1,3,0,0
SF,5,1.0244963503649636,2016,1,1,0,0
ARI,6,1.020646687697161,2016,1,2,0,0
BUF,6,0.9775863032063457,2016,1,3,0,0
CHI,6,0.9927479674796748,2016,1,1,0,0
DET,6,0.8618153846153846,2016,3,2,0,0
GB,6,0.9636546702520843,2016,4,3,0,0
HOU,6,0.995444475214622,2016,2,3,0,0
LAC,6,0.8347954252349031,2016,4,1,0,0
LV,6,0.9670692331020212,2016,2,4,0,0
MIA,6,1.0003826960168998,2016,4,1,0,0
NE,6,1.0,2016,2,4,0,0
NO,6,0.999043820347503,2016,1,1,0,0
NYG,6,0.9513575757575757,2016,3,2,0,0
SEA,6,1.0010289855072463,2016,4,3,0,0
TEN,6,0.8807399158266201,2016,0,2,0,0
WAS,6,0.9626097560975609,2016,3,3,0,0
ARI,7,1.026640378548896,2016,0,0,0,0
ATL,7,0.9804009659122817,2016,2,4,0,0
CIN,7,0.9928565977257117,2016,0,2,0,0
DEN,7,1.009720853858785,2016,4,4,0,0
DET,7,0.9301692307692307,2016,4,3,0,0
GB,7,0.9604130597610541,2016,1,3,0,0
JAX,7,0.9229930127657066,2016,4,2,0,0
KC,7,0.9982464405360134,2016,2,3,0,0
LAR,7,0.98828,2016,3,3,0,1
MIA,7,1.0050822031044302,2016,4,2,0,0
NYJ,7,0.9473939393939393,2016,3,1,0,0
PHI,7,1.0,2016,5,3,0,0
PIT,7,0.9650438596491228,2016,5,4,0,0
SF,7,1.0244963503649636,2016,2,1,0,0
TEN,7,0.9468782089293204,2016,2,3,0,0
ATL,8,0.9850760936710282,2016,4,4,0,0
BUF,8,0.983716903139314,2016,6,4,0,0
CAR,8,0.9895948815900196,2016,0,1,0,0
CHI,8,0.9824715447154472,2016,5,1,0,0
CIN,8,0.9824186046511628,2016,0,0,0,1
CLE,8,1.0,2016,2,0,0,0
DAL,8,1.1637875,2016,4,5,0,0
DEN,8,1.008288998357964,2016,3,5,0,0
HOU,8,0.995319855995569,2016,4,4,0,0
IND,8,0.9763731343283583,2016,4,3,0,0
NO,8,0.9997268058135723,2016,0,2,0,0
TB,8,0.8822560605622815,2016,5,3,0,0
TEN,8,0.8911820430123079,2016,2,3,0,0
BAL,9,1.0039150518251465,2016,4,3,0,0
CLE,9,1.0,2016,6,0,0,0
GB,9,0.9631144018369127,2016,3,4,0,0
KC,9,0.9591446817420436,2016,2,5,0,0
LAC,9,0.7409333767945465,2016,4,3,0,0
LAR,9,1.0973912600201359,2016,2,3,0,0
LV,9,0.9803771161496334,2016,6,6,0,0
MIA,9,1.0060619049076938,2016,3,3,0,0
MIN,9,1.0022803990698372,2016,4,5,0,0
NYG,9,0.9734424242424242,2016,4,4,0,0
SEA,9,1.0012173913043478,2016,4,-1,0,0
SF,9,1.0244963503649636,2016,3,1,0,0
TB,9,0.834999566586726,2016,5,3,0,0
ARI,10,1.0272397476340693,2016,1,-1,0,0
BAL,10,0.9987747859396124,2016,0,4,0,0
CAR,10,0.9908370844297221,2016,6,3,0,0
JAX,10,0.9152834694419058,2016,5,2,0,0
LAC,10,0.7809838295942518,2016,4,4,0,0
NE,10,1.0,2016,-1,7,0,0
NO,10,0.999043820347503,2016,6,4,0,0
NYG,10,0.9238545454545455,2016,0,5,0,0
NYJ,10,0.9473939393939393,2016,3,3,0,0
PHI,10,1.0,2016,6,4,0,0
PIT,10,0.9903070175438596,2016,7,4,0,0
TB,10,0.9086942702765177,2016,2,3,0,0
TEN,10,0.9996095049390393,2016,4,4,0,0
WAS,10,0.9538536585365853,2016,5,-1,0,0
CAR,11,0.9789092657646226,2016,4,3,0,0
CIN,11,0.9365183545752881,2016,4,0,0,0
CLE,11,1.0,2016,4,0,0,0
DAL,11,1.1632,2016,5,8,0,0
DET,11,0.9459384615384615,2016,2,5,0,0
IND,11,0.970865671641791,2016,5,4,0,0
KC,11,0.9458359505862647,2016,4,7,0,0
LAR,11,1.0639249620859725,2016,5,4,0,0
LV,11,0.9213614457831325,2016,6,7,0,1
MIN,11,1.0022954016952967,2016,0,5,0,0
NYG,11,0.9563393939393939,2016,2,6,0,0
SEA,11,1.0027536231884058,2016,5,-1,0,0
SF,11,1.0244963503649636,2016,7,1,0,0
WAS,11,0.9406951219512195,2016,4,-1,0,0
ATL,12,0.9719913517156175,2016,0,6,0,0
BAL,12,0.9985212933753943,2016,0,5,0,0
BUF,12,0.9475058652664506,2016,2,5,0,0
CHI,12,0.9673821138211383,2016,5,2,0,0
CLE,12,0.890302679776364,2016,7,0,0,0
DAL,12,1.1637375,2016,0,9,0,0
DEN,12,1.0091165845648604,2016,7,7,0,0
DET,12,0.9814307692307692,2016,6,6,0,0
HOU,12,0.9955275546939906,2016,4,6,0,0
IND,12,0.993776119402985,2016,5,5,0,0
LV,12,0.9795208448543447,2016,4,8,0,0
MIA,12,1.008113155558277,2016,1,6,0,0
NO,12,0.9980739809856847,2016,4,4,0,0
NYJ,12,0.9473939393939393,2016,8,3,0,0
PHI,12,1.0,2016,4,5,0,0
TB,12,0.9199052269640845,2016,0,5,0,0
ARI,13,1.0242744479495267,2016,0,-1,0,0
ATL,13,0.9810608187791318,2016,8,7,0,0
BAL,13,0.9987043713384407,2016,7,6,0,0
CHI,13,0.9720650406504066,2016,1,2,0,0
CIN,13,0.8464626421430207,2016,5,-1,0,0
GB,13,0.9561154700949154,2016,6,5,0,0
JAX,13,0.9297886140511218,2016,7,2,0,0
LAC,13,0.7629143577897138,2016,6,5,0,0
LV,13,0.9768449970565675,2016,6,9,0,0
MIN,13,1.0030755382191883,2016,10,6,0,0
NE,13,1.0,2016,4,9,0,0
NO,13,0.9990301606381816,2016,7,5,0,0
NYJ,13,0.9473939393939393,2016,5,3,0,0
PIT,13,0.9623538011695907,2016,8,6,0,0
SEA,13,1.0015072463768115,2016,4,-1,0,0
BUF,14,0.9727544408445984,2016,7,6,0,0
CAR,14,0.9864960530006545,2016,5,4,0,0
CLE,14,0.8902136999302991,2016,-1,0,0,0
DET,14,0.9496307692307693,2016,3,8,0,0
GB,14,0.9584484473422478,2016,0,6,0,0
IND,14,0.9738805970149254,2016,6,6,0,0
JAX,14,0.9242754798195701,2016,6,2,0,0
KC,14,0.9839693257956449,2016,10,9,0,0
LAR,14,1.051333681675099,2016,7,4,0,0
MIA,14,1.0064905244466216,2016,0,7,0,0
NE,14,1.0,2016,7,10,0,0
NYG,14,0.9802909090909091,2016,11,8,0,0
PHI,14,1.0,2016,-1,5,0,0
SF,14,1.0244963503649636,2016,3,1,0,0
TB,14,0.8977433615533532,2016,5,7,0,0
TEN,14,0.994750010847085,2016,8,6,0,0
ARI,15,1.026372239747634,2016,5,0,0,0
ATL,15,0.9850620542483293,2016,1,8,0,0
BAL,15,1.003027827850383,2016,5,7,0,0
BUF,15,0.9290721707071835,2016,0,6,0,0
CHI,15,0.9940975609756098,2016,7,3,0,0
CIN,15,0.9478134778295046,2016,8,0,0,0
DAL,15,1.1637625,2016,8,11,0,0
DEN,15,1.010088669950739,2016,11,8,0,0
HOU,15,0.9942259761838825,2016,2,7,0,0
KC,15,0.890965242881072,2016,7,10,0,0
LAC,15,0.9686937543402163,2016,10,5,0,0
MIN,15,1.0024754332008101,2016,6,7,0,0
NYG,15,0.9628363636363636,2016,9,9,0,0
NYJ,15,0.9473939393939393,2016,8,4,0,0
SEA,15,1.0009710144927537,2016,4,-1,0,0
WAS,15,0.9352317073170732,2016,5,0,0,0
BUF,16,0.9033906826052955,2016,9,7,0,0
CAR,16,0.9823954479276584,2016,9,6,0,0
CHI,16,0.9423252032520325,2016,-1,3,0,0
CLE,16,0.8493422906378372,2016,5,0,0,0
DAL,16,1.1610625,2016,9,12,0,0
GB,16,0.9559804029911224,2016,7,8,0,0
HOU,16,0.9946829133204098,2016,0,8,0,0
JAX,16,0.8788731979126743,2016,8,2,0,0
KC,16,1.003336997487437,2016,8,10,0,0
LAR,16,1.0661297105789695,2016,1,4,0,0
LV,16,0.979288938045204,2016,7,11,0,0
NE,16,1.0,2016,4,12,0,0
NO,16,0.9995765490110371,2016,8,6,0,0
PHI,16,1.0,2016,10,5,0,0
PIT,16,0.9689473684210527,2016,8,9,0,0
SEA,16,1.0007246376811594,2016,-1,0,0,0
ATL,17,0.9944825068793172,2016,7,10,0,0
CIN,17,0.8386476379455087,2016,8,-1,0,0
DEN,17,1.0093399014778326,2016,12,8,0,0
DET,17,1.0206923076923078,2016,9,9,0,0
IND,17,0.9725373134328358,2016,3,7,0,0
LAC,17,0.7782627797225096,2016,11,5,0,0
LAR,17,1.02882740515121,2016,-1,4,0,0
MIA,17,1.0128126626458072,2016,13,10,0,0
MIN,17,1.0022954016952967,2016,3,7,0,0
NYJ,17,0.9473939393939393,2016,7,4,0,0
PHI,17,1.0,2016,13,6,0,0
PIT,17,0.8175584795321638,2016,1,10,0,0
SF,17,1.0244963503649636,2016,-1,2,0,0
TB,17,0.8962553093126066,2016,6,8,0,0
TEN,17,0.9430455722198922,2016,9,8,0,0
WAS,17,0.9691585365853659,2016,10,0,0,0
BUF,1,0.9601022232152832,2017,0,0,0,0
CHI,1,1.0058048780487805,2017,0,0,0,0
CIN,1,0.843379378768221,2017,0,0,0,0
CLE,1,1.0,2017,0,0,0,0
DAL,1,1.1647875,2017,0,0,1,0
DEN,1,1.0026141215106732,2017,0,0,2,0
DET,1,0.9378,2017,0,0,0,0
GB,1,0.9624267874903304,2017,0,0,0,0
HOU,1,0.9929382442536694,2017,0,0,0,0
LAR,1,0.7662839155313699,2017,0,0,0,0
MIN,1,0.9992648713524866,2017,0,0,2,0
NE,1,0.9857696509000583,2017,0,0,3,0
SF,1,1.0244963503649636,2017,0,0,0,0
TEN,1,0.9992190098780788,2017,0,0,0,0
WAS,1,0.9595731707317073,2017,0,0,0,0
ATL,2,0.9975492957746479,2017,1,1,0,0
BAL,2,0.994324583145561,2017,0,1,0,0
CAR,2,0.990049020262599,2017,1,1,0,0
CIN,2,0.8080897504388308,2017,0,0,0,0
DEN,2,1.0104302134646963,2017,1,1,0,0
IND,2,0.9423432835820895,2017,0,0,0,0
JAX,2,0.9096524072054011,2017,0,1,0,0
KC,2,0.9810903475711893,2017,1,1,0,0
LAC,2,0.940037037037037,2017,0,0,0,0
LAR,2,0.7214752698586667,2017,0,1,0,0
LV,2,0.976309827497012,2017,0,1,0,0
NO,2,0.9994536116271445,2017,0,0,0,0
NYG,2,0.9333818181818182,2017,1,0,0,0
PIT,2,0.9644883040935672,2017,1,1,0,0
SEA,2,0.996072463768116,2017,0,0,0,0
TB,2,0.81828426131931,2017,0,0,0,0
ARI,3,1.026845425867508,2017,1,1,0,0
BUF,3,0.961694224109038,2017,2,1,0,0
CAR,3,0.985414134398333,2017,0,2,0,0
CHI,3,0.9946666666666667,2017,2,0,0,0
DET,3,0.9729230769230769,2017,2,2,0,0
GB,3,0.9617146154885131,2017,0,1,0,0
IND,3,0.9455373134328359,2017,0,0,0,0
JAX,3,0.9836279069767442,2017,2,1,0,1
LAC,3,0.9402222222222222,2017,2,0,0,0
MIN,3,0.9960243042532443,2017,1,1,0,0
NE,3,0.9857696509000583,2017,1,1,0,0
NYJ,3,0.9401454545454545,2017,1,0,0,0
PHI,3,1.0,2017,0,1,0,0
SF,3,1.0244963503649636,2017,1,0,0,0
TEN,3,0.9997685955194308,2017,1,1,0,0
WAS,3,0.9405243902439024,2017,2,1,0,0
ARI,4,1.0113722397476341,2017,0,1,0,0
ATL,4,1.0038450704225352,2017,2,3,0,0
BAL,4,1.001661784587652,2017,2,2,0,0
CLE,4,1.0,2017,0,0,0,0
DAL,4,1.1483625,2017,2,2,0,0
DEN,4,1.0102988505747126,2017,2,2,0,0
GB,4,0.9621934897655972,2017,1,2,0,0
HOU,4,0.9942398227637773,2017,2,1,0,0
KC,4,0.9760652219430486,2017,2,3,0,0
LAC,4,0.9397777777777778,2017,2,0,0,0
MIA,4,0.9816627906976744,2017,1,1,0,1
MIN,4,1.0011251969094592,2017,2,2,0,0
NE,4,0.9857696509000583,2017,2,2,0,0
NYJ,4,0.9401454545454545,2017,2,1,0,0
SEA,4,0.9981449275362319,2017,1,1,0,0
TB,4,0.9234014273743824,2017,0,1,0,0
CHI,5,1.0054308943089432,2017,2,1,0,0
CIN,5,0.799313134396703,2017,3,1,0,0
CLE,5,0.9199329685159645,2017,2,0,0,0
DAL,5,1.1666125,2017,3,2,0,0
DET,5,0.9890461538461538,2017,3,3,0,0
HOU,5,0.9946690667405151,2017,4,2,0,0
IND,5,0.9792835820895522,2017,0,1,0,0
LAR,5,0.7741470936826946,2017,2,3,0,0
LV,5,0.9807874128119592,2017,2,2,0,0
MIA,5,0.9970762024308851,2017,2,1,0,0
NYG,5,0.9378545454545455,2017,0,0,0,0
PHI,5,1.0,2017,2,3,0,0
PIT,5,0.9683771929824562,2017,2,3,0,0
TB,5,0.9314918084891213,2017,2,2,0,0
ARI,6,1.0094479495268138,2017,2,2,0,0
ATL,6,0.9942676056338028,2017,2,3,0,0
BAL,6,0.9944794952681388,2017,1,3,0,0
CAR,6,0.9934016322278173,2017,4,4,0,0
DEN,6,1.0078292282430212,2017,0,3,0,0
HOU,6,0.9943921351426198,2017,0,2,0,0
JAX,6,0.8289159468144698,2017,3,3,0,0
KC,6,1.0075638609715243,2017,3,5,0,0
LV,6,0.9755249121429973,2017,1,2,0,0
MIN,6,1.002895506713675,2017,4,3,0,0
NO,6,0.9987569664517539,2017,3,2,0,0
NYJ,6,0.9401454545454545,2017,3,3,0,0
TEN,6,0.9239980909130353,2017,2,2,0,0
WAS,6,0.9215609756097561,2017,0,2,0,0
BUF,7,0.9574488883923584,2017,2,3,0,0
CHI,7,0.9960325203252033,2017,4,2,0,0
CLE,7,0.8758731147395115,2017,3,0,0,0
GB,7,0.9624145086627128,2017,3,4,0,0
IND,7,0.9418507462686567,2017,3,2,0,0
LAC,7,0.9402962962962963,2017,3,2,0,0
LAR,7,0.9831466666666666,2017,3,4,0,1
LV,7,0.9827497011969959,2017,5,2,0,0
MIA,7,0.9953923399565258,2017,3,3,0,0
MIN,7,1.0014402520441077,2017,3,4,0,0
NE,7,0.9857696509000583,2017,3,4,0,0
NYG,7,0.9518424242424243,2017,3,1,0,0
PHI,7,1.0,2017,3,5,0,0
PIT,7,0.9555994152046784,2017,2,4,0,0
SF,7,1.0238394160583941,2017,2,0,0,0
BAL,8,0.9915502478593962,2017,4,3,0,0
BUF,8,0.9719444754776003,2017,3,4,0,0
CIN,8,0.8837823399221553,2017,2,2,0,0
CLE,8,0.9898266666666666,2017,5,0,0,1
DET,8,0.9997384615384616,2017,5,3,0,0
KC,8,1.0020545435510888,2017,3,5,0,0
NE,8,0.9857696509000583,2017,3,5,0,0
NO,8,0.9997814446508578,2017,3,4,0,0
NYJ,8,0.9401454545454545,2017,3,3,0,0
PHI,8,1.0,2017,0,6,0,0
SEA,8,1.0003623188405797,2017,3,4,0,0
TB,8,0.8458060042185559,2017,4,2,0,0
WAS,8,0.9564390243902439,2017,3,3,0,0
CAR,9,0.991678576675972,2017,4,5,0,0
DAL,9,1.1659125,2017,6,4,0,0
GB,9,0.952530052430594,2017,3,4,0,0
HOU,9,0.9929243976737746,2017,2,3,0,0
JAX,9,0.8950735575930894,2017,3,4,0,0
MIA,9,0.9971374337935891,2017,3,4,0,0
NO,9,0.9988116052890395,2017,2,5,0,0
NYG,9,0.9318424242424242,2017,5,1,0,0
NYJ,9,0.9401454545454545,2017,5,3,0,0
PHI,9,1.0,2017,3,7,0,0
SEA,9,0.9989420289855072,2017,3,5,0,0
SF,9,1.0238394160583941,2017,3,0,0,0
TEN,9,0.9736632775552116,2017,4,4,0,0
ARI,10,1.0195425867507886,2017,5,4,0,0
ATL,10,1.038887323943662,2017,5,4,0,0
BUF,10,0.942646073064462,2017,6,5,0,0
CAR,10,0.972257469913313,2017,4,6,0,0
CHI,10,0.9965040650406504,2017,4,3,0,0
DEN,10,1.0091297208538588,2017,6,3,0,0
DET,10,0.9945538461538461,2017,0,4,0,0
IND,10,0.9872537313432835,2017,6,3,0,0
JAX,10,0.8967687726642884,2017,3,5,0,0
LAR,10,0.7650604712809207,2017,3,6,0,0
SF,10,1.0238394160583941,2017,1,0,0,0
TB,10,0.8366465370279407,2017,4,2,0,0
TEN,10,0.9752541833591253,2017,3,5,0,0
WAS,10,0.9082439024390244,2017,6,4,0,0
CHI,11,0.9859349593495935,2017,5,3,0,0
CLE,11,0.8453530275392623,2017,6,0,0,0
DAL,11,1.1655875,2017,8,5,0,0
DEN,11,0.9945090311986864,2017,3,3,0,0
GB,11,0.9570732186490833,2017,4,5,0,0
HOU,11,0.9925228468568263,2017,4,3,0,0
LAC,11,0.9264814814814815,2017,5,3,0,0
LV,11,0.9320120481927711,2017,7,4,0,1
MIA,11,0.9963720417597893,2017,3,4,0,0
MIN,11,1.0023104043207562,2017,7,7,0,0
NO,11,0.999043820347503,2017,4,7,0,0
NYG,11,0.9256121212121212,2017,6,1,0,0
PIT,11,0.8874707602339181,2017,6,7,0,0
SEA,11,1.0003768115942029,2017,5,6,0,0
ARI,12,1.0077444794952681,2017,7,4,0,0
ATL,12,1.0005070422535212,2017,4,6,0,0
BAL,12,0.9908320189274448,2017,4,5,0,0
CIN,12,0.7892848965885675,2017,0,4,0,0
DAL,12,1.16265,2017,4,5,0,0
DET,12,1.0248153846153847,2017,8,6,0,0
IND,12,0.9284626865671641,2017,6,3,0,0
KC,12,0.9805407244556114,2017,5,6,0,0
LAR,12,0.790217543680783,2017,8,7,0,0
LV,12,0.9620564782275184,2017,3,4,0,0
NE,12,0.9857696509000583,2017,4,8,0,0
NYJ,12,0.9401454545454545,2017,7,4,0,0
PHI,12,1.0,2017,3,9,0,0
PIT,12,0.9085818713450292,2017,5,8,0,0
SF,12,1.0238540145985402,2017,6,1,0,0
WAS,12,0.8928048780487805,2017,2,4,0,0
ARI,13,1.009242902208202,2017,8,5,0,0
ATL,13,1.0026056338028169,2017,9,7,0,0
BAL,13,0.9928458765209554,2017,6,6,0,0
BUF,13,0.9565830633448776,2017,9,6,0,0
CHI,13,0.996780487804878,2017,1,3,0,0
CIN,13,0.8552087308250019,2017,9,5,0,0
DAL,13,1.1464,2017,5,5,0,0
GB,13,0.9538684446409057,2017,4,5,0,0
JAX,13,0.9022524248946019,2017,3,7,0,0
LAC,13,0.9377777777777778,2017,0,5,0,0
LV,13,0.9810371586064185,2017,2,5,0,0
MIA,13,0.9964179652818174,2017,3,4,0,0
NO,13,0.9994945907551087,2017,8,8,0,0
NYJ,13,0.9401454545454545,2017,6,4,0,0
SEA,13,1.001086956521739,2017,10,7,0,0
TEN,13,0.9076551494728317,2017,4,7,0,0
ARI,14,1.0118769716088327,2017,8,5,0,0
ATL,14,1.0262816901408451,2017,9,7,0,0
BUF,14,0.8409954195062004,2017,3,6,0,0
CAR,14,0.984786354468591,2017,10,8,0,0
CIN,14,0.7937418911699611,2017,3,5,0,0
CLE,14,1.0,2017,6,0,0,0
DEN,14,0.9920262725779967,2017,5,3,0,0
HOU,14,0.9942121296039879,2017,2,4,0,0
JAX,14,0.9497774108906513,2017,8,8,0,0
KC,14,0.9744163525963149,2017,6,6,0,0
LAC,14,0.9404814814814815,2017,5,6,0,0
LAR,14,0.8634457797545465,2017,10,9,0,0
MIA,14,1.0033983406300708,2017,10,5,0,0
NYG,14,0.946969696969697,2017,6,2,0,0
PIT,14,0.8782017543859649,2017,7,10,0,0
TB,14,0.8722008726053917,2017,6,4,0,0
BUF,15,0.8686459613451011,2017,6,7,0,0
CAR,15,0.9943900516916666,2017,7,9,0,0
CLE,15,0.8369147721374443,2017,7,0,0,0
DET,15,1.0134153846153846,2017,4,7,0,0
IND,15,0.9464328358208955,2017,4,3,0,0
JAX,15,0.9537574810578142,2017,4,9,0,0
KC,15,0.981613798157454,2017,7,7,0,0
LV,15,0.9877802950568172,2017,7,6,0,0
MIN,15,1.002670467331783,2017,5,10,0,0
NO,15,0.9974046552289367,2017,5,9,0,0
NYG,15,0.9320727272727273,2017,11,2,0,0
PIT,15,1.0025438596491227,2017,10,11,0,0
SEA,15,1.0011159420289855,2017,9,8,0,0
SF,15,1.0238394160583941,2017,8,3,0,0
TB,15,0.9012395619636511,2017,8,4,0,0
WAS,15,0.8661707317073171,2017,6,5,0,0
ARI,16,1.0070977917981072,2017,2,6,0,0
BAL,16,0.9941133393420459,2017,3,8,0,0
CAR,16,0.9545327046629356,2017,4,10,0,0
CHI,16,0.9560325203252032,2017,0,4,0,0
CIN,16,0.7285659772571167,2017,8,5,0,0
DAL,16,1.151875,2017,8,8,0,0
GB,16,0.9588782063088617,2017,11,7,0,0
HOU,16,0.9947659927997785,2017,11,4,0,0
KC,16,0.8548602386934674,2017,6,8,0,0
NE,16,0.9857696509000583,2017,8,11,0,0
NO,16,0.9997268058135723,2017,9,10,0,0
NYJ,16,0.9401454545454545,2017,7,5,0,0
PHI,16,1.0,2017,6,12,0,0
SF,16,1.0238394160583941,2017,10,4,0,0
TEN,16,0.8691696917981574,2017,10,8,0,0
WAS,16,0.888890243902439,2017,5,6,0,0
ATL,17,1.0442394366197183,2017,11,9,0,0
BAL,17,0.9929444569625958,2017,6,9,0,0
DEN,17,0.9974121510673235,2017,9,5,0,0
DET,17,0.9615538461538462,2017,7,8,0,0
IND,17,0.9038358208955224,2017,4,3,0,0
LAC,17,0.9418518518518518,2017,6,8,0,0
LAR,17,0.8427109485516204,2017,5,11,0,0
MIA,17,1.0037504209656185,2017,8,6,0,0
MIN,17,1.00220538594254,2017,5,12,0,0
NE,17,0.9857696509000583,2017,5,12,0,0
NYG,17,0.9244727272727272,2017,7,2,0,0
PHI,17,1.0,2017,8,13,0,0
PIT,17,0.7412865497076023,2017,0,12,0,0
SEA,17,1.0011304347826087,2017,7,9,0,0
TB,17,0.8000231153746136,2017,11,4,0,0
TEN,17,0.9473265551104233,2017,10,8,0,0
ARI,1,0.971813880126183,2018,0,0,0,0
BAL,1,0.9941274222622803,2018,0,0,0,0
CAR,1,0.995525398373115,2018,0,0,0,0
CLE,1,1.0,2018,0,0,0,0
DEN,1,1.0083546798029557,2018,0,0,0,0
DET,1,0.9438769230769231,2018,0,0,2,0
GB,1,0.9612111835561941,2018,0,0,1,0
IND,1,0.8761044776119403,2018,0,0,0,0
LAC,1,0.9389259259259259,2018,0,0,0,0
LV,1,0.9607542322992668,2018,0,0,0,0
MIA,1,0.9978262866240089,2018,0,0,0,0
MIN,1,1.0002700472582702,2018,0,0,0,0
NE,1,0.9857696509000583,2018,0,0,0,0
NO,1,0.9976778494153644,2018,0,0,0,0
NYG,1,0.9453575757575757,2018,0,0,0,0
PHI,1,1.001436864187597,2018,0,0,3,0
ATL,2,1.0215211267605633,2018,1,0,0,0
BUF,2,0.9661909283878897,2018,0,0,0,0
CHI,2,0.9424390243902439,2018,0,0,2,0
CIN,2,0.763458749904602,2018,1,1,3,0
DAL,2,1.1314,2018,0,0,1,0
DEN,2,1.0075008210180625,2018,0,1,0,0
GB,2,0.9634090936997336,2018,0,0,0,0
JAX,2,1.0101565494265752,2018,1,1,0,0
LAR,2,0.8476811908190705,2018,0,1,0,0
NO,2,0.9983335154627909,2018,0,0,0,0
NYJ,2,0.9452363636363637,2018,1,1,0,0
PIT,2,0.9350292397660819,2018,1,0,0,0
SF,2,1.0242919708029197,2018,0,0,0,0
TB,2,0.8170129157155653,2018,1,1,0,0
TEN,2,0.9020725163790984,2018,0,0,0,0
WAS,2,0.6952804878048781,2018,0,1,0,0
ARI,3,0.9804889589905362,2018,1,0,0,0
ATL,3,1.0486901408450704,2018,1,1,0,0
BAL,3,0.9880013519603424,2018,2,1,0,0
CAR,3,0.9638559044705945,2018,2,1,0,0
CLE,3,1.0,2018,1,-1,3,0
DET,3,0.9502923076923077,2018,1,0,1,0
HOU,3,0.9947106064801994,2018,0,0,0,0
JAX,3,0.9436451546330965,2018,1,2,0,0
KC,3,0.9948570979899497,2018,1,2,0,0
LAR,3,0.878675111830451,2018,1,2,0,0
MIA,3,1.005219973670514,2018,0,2,0,0
MIN,3,1.002175380691621,2018,0,0,0,0
PHI,3,1.001436864187597,2018,1,1,0,0
SEA,3,1.0006811594202898,2018,1,0,0,0
TB,3,0.9039700655898755,2018,-1,2,2,0
WAS,3,0.7295975609756098,2018,0,1,0,0
ARI,4,0.9754731861198738,2018,1,0,0,0
ATL,4,1.0138732394366197,2018,2,1,0,0
CHI,4,1.006390243902439,2018,2,2,0,0
DAL,4,1.1269375,2018,1,1,0,0
DEN,4,1.006975369458128,2018,3,2,2,0
GB,4,0.9615795483847203,2018,1,-1,0,0
IND,4,0.8614328358208955,2018,0,1,0,0
JAX,4,0.9633686134614817,2018,1,2,0,0
LAC,4,0.9406296296296296,2018,1,1,0,0
LAR,4,0.9179272815323639,2018,0,3,3,0
LV,4,0.9523699091995648,2018,0,0,0,0
NE,4,0.9857696509000583,2018,3,1,0,0
NYG,4,0.9480363636363637,2018,2,1,0,0
PIT,4,0.9068713450292397,2018,2,0,1,0
TEN,4,0.9981198385953748,2018,2,2,0,0
BUF,5,0.9524354820690426,2018,3,1,0,0
CAR,5,0.9913713652209919,2018,1,2,0,0
CIN,5,0.8045180493016867,2018,3,3,0,0
CLE,5,1.0,2018,3,-1,0,0
DET,5,0.9754615384615385,2018,0,1,0,0
HOU,5,0.9970645250623096,2018,2,1,1,0
KC,5,0.9852517797319933,2018,3,4,0,0
LAC,5,0.9393333333333334,2018,1,2,0,0
NE,5,0.9857696509000583,2018,1,2,3,0
NO,5,0.9975412523221506,2018,2,3,2,0
NYJ,5,0.9452363636363637,2018,2,1,0,0
PHI,5,1.001436864187597,2018,-1,2,0,0
PIT,5,0.9470906432748538,2018,1,-1,0,0
SEA,5,0.9984492753623189,2018,4,2,0,0
SF,5,0.9976204379562044,2018,0,1,0,0
ATL,6,1.023450704225352,2018,2,1,0,0
CIN,6,0.9248874303594596,2018,-1,4,0,0
CLE,6,1.0,2018,3,0,0,0
DAL,6,1.1345875,2018,3,2,0,0
DEN,6,0.9997898193760263,2018,5,2,0,0
GB,6,0.9533527338809691,2018,1,-1,2,0
HOU,6,0.9919412905012462,2018,2,2,0,0
LV,6,0.9874651162790697,2018,2,1,0,1
MIA,6,1.0071181459143372,2018,3,3,0,0
MIN,6,1.0021903833170804,2018,1,-1,0,0
NE,6,0.9857696509000583,2018,5,3,1,0
NYG,6,0.9353575757575757,2018,2,1,3,0
NYJ,6,0.9452363636363637,2018,1,2,0,0
TEN,6,0.9319960082727102,2018,3,3,0,0
WAS,6,0.7375853658536585,2018,3,2,0,0
ARI,7,0.9835804416403785,2018,2,1,3,0
ATL,7,1.0247323943661972,2018,1,2,2,0
BAL,7,0.9948034024335286,2018,4,4,0,0
CHI,7,1.0144552845528456,2018,4,3,0,0
IND,7,0.8484776119402985,2018,2,1,0,0
JAX,7,0.9807777351926649,2018,3,3,0,0
KC,7,0.9903161641541038,2018,4,5,1,0
LAC,7,0.9802441860465116,2018,3,4,0,1
MIA,7,0.9990662217187644,2018,2,4,0,0
NYJ,7,0.9452363636363637,2018,-1,3,0,0
PHI,7,1.001436864187597,2018,3,3,0,0
SF,7,0.9722189781021898,2018,6,1,0,0
TB,7,0.7755497125025282,2018,0,2,0,0
WAS,7,0.8085487804878049,2018,3,3,0,0
ARI,8,0.9767034700315458,2018,1,1,0,0
BUF,8,0.9790665847391353,2018,5,2,2,0
CAR,8,0.9863224117434918,2018,4,4,0,0
CHI,8,0.9983252032520326,2018,3,3,0,0
CIN,8,0.6889109364267725,2018,3,4,0,0
DET,8,1.0036461538461539,2018,3,3,0,0
HOU,8,0.9931597895319856,2018,4,4,3,0
JAX,8,0.9984883720930232,2018,3,3,0,1
KC,8,1.0089902638190955,2018,3,6,0,0
LAR,8,0.9662915620579352,2018,0,7,0,0
LV,8,0.9699413097383021,2018,2,1,0,0
MIN,8,1.0021903833170804,2018,5,0,1,0
NYG,8,0.9398424242424243,2018,4,1,0,0
PIT,8,0.9324561403508772,2018,0,-1,0,0
BAL,9,0.9998450878774222,2018,-1,4,0,0
BUF,9,0.9600742933750419,2018,4,2,0,0
CAR,9,0.9819145952155155,2018,3,5,0,0
CLE,9,1.0,2018,7,0,0,0
DAL,9,1.130825,2018,3,3,2,0
DEN,9,1.0019047619047619,2018,5,3,0,0
MIA,9,1.0031687230199309,2018,3,4,0,0
MIN,9,1.0025504463281074,2018,3,-1,0,0
NE,9,0.9857696509000583,2018,0,6,1,0
NO,9,0.9983335154627909,2018,8,6,0,0
SEA,9,0.999840579710145,2018,5,4,0,0
SF,9,1.015941605839416,2018,1,1,3,0
WAS,9,0.7608048780487805,2018,3,5,0,0
CHI,10,0.998260162601626,2018,3,5,0,0
CIN,10,0.8012210944058612,2018,7,5,0,0
CLE,10,0.9215939256425086,2018,4,-1,0,0
GB,10,0.958681745066981,2018,5,-1,0,0
IND,10,0.8578059701492537,2018,3,3,0,0
KC,10,1.0038735343383585,2018,2,8,0,0
LAR,10,0.9272050670982707,2018,4,8,0,0
LV,10,0.9766844461887008,2018,6,1,0,0
NYJ,10,0.9452363636363637,2018,2,3,0,0
PHI,10,1.001436864187597,2018,3,4,1,0
PIT,10,0.919312865497076,2018,6,-1,3,0
SF,10,1.0132700729927007,2018,1,2,2,0
TB,10,0.7608858967320639,2018,5,3,0,0
TEN,10,1.0031818116078273,2018,7,4,0,0
ARI,11,0.9847791798107256,2018,1,2,0,0
ATL,11,1.0485492957746478,2018,4,4,0,0
BAL,11,0.9868888012618297,2018,5,4,0,0
CHI,11,1.0024552845528456,2018,0,6,1,0
DET,11,0.9538307692307693,2018,6,3,0,0
IND,11,0.8567313432835821,2018,5,4,0,0
JAX,11,0.9977151449040361,2018,-1,3,0,0
LAC,11,0.943037037037037,2018,3,7,0,0
LAR,11,0.981329730969707,2018,9,9,2,0
NO,11,0.9977324882526499,2018,4,8,0,0
NYG,11,0.9195515151515151,2018,3,2,0,0
SEA,11,1.0001014492753624,2018,0,4,3,0
WAS,11,0.7511341463414634,2018,6,6,0,0
BAL,12,0.9862973186119873,2018,2,5,0,0
BUF,12,0.8071584180538487,2018,3,3,0,0
CAR,12,0.9884461778887894,2018,5,6,0,0
CIN,12,0.8566282530718156,2018,-1,5,0,0
DAL,12,1.15095,2018,6,5,0,0
DEN,12,1.0053990147783252,2018,0,4,0,0
DET,12,1.0105230769230769,2018,7,4,0,0
HOU,12,0.9945444475214622,2018,5,7,2,0
IND,12,0.851776119402985,2018,5,5,0,0
LAC,12,0.9386296296296296,2018,2,7,0,0
MIN,12,1.0032555697247019,2018,0,-1,1,0
NO,12,0.9973909955196153,2018,4,9,3,0
NYJ,12,0.9452363636363637,2018,7,3,0,0
PHI,12,1.001436864187597,2018,3,4,0,0
TB,12,0.7286543962553094,2018,2,3,0,0
ATL,13,1.017774647887324,2018,6,4,0,0
CIN,13,0.6775852858124094,2018,5,5,0,0
DAL,13,1.16255,2018,10,6,3,0
DET,13,0.9380615384615385,2018,10,4,0,0
GB,13,0.9483429722130131,2018,2,0,0,0
HOU,13,0.9933674882304071,2018,0,8,0,0
JAX,13,0.9880892714997495,2018,6,3,0,0
LV,13,0.9678541484560358,2018,9,2,0,0
MIA,13,0.997382359244405,2018,4,5,0,0
NE,13,0.9857696509000583,2018,0,8,0,0
NYG,13,0.9268484848484848,2018,8,3,0,0
PHI,13,1.001436864187597,2018,6,5,2,0
PIT,13,0.8928216374269006,2018,8,0,1,0
SEA,13,1.0001304347826088,2018,2,6,0,0
TB,13,0.7594556329278511,2018,6,4,0,0
TEN,13,0.8808411552868692,2018,3,5,0,0
ARI,14,0.9781388012618296,2018,4,3,0,0
BUF,14,0.8255921126131158,2018,3,4,0,0
CHI,14,1.003170731707317,2018,11,8,1,0
CLE,14,0.8807818362474233,2018,6,-1,0,0
DAL,14,1.1640875,2018,6,7,0,0
GB,14,0.9495094608366793,2018,4,-1,0,0
HOU,14,0.994378288562725,2018,6,9,0,0
KC,14,0.9727805695142379,2018,7,10,0,0
LAC,14,0.9391851851851852,2018,5,9,0,0
LV,14,0.9625916477870738,2018,0,2,0,0
MIA,14,1.0116492667544317,2018,9,6,0,0
SEA,14,1.0001014492753624,2018,0,7,2,0
SF,14,1.0138540145985402,2018,6,2,0,0
TB,14,0.7728481030945707,2018,10,5,0,0
TEN,14,0.8727419984669453,2018,4,6,3,0
WAS,14,0.7004512195121951,2018,4,6,0,0
ATL,15,1.0152676056338028,2018,3,4,0,0
BAL,15,0.98624098693105,2018,5,7,0,0
BUF,15,0.82546642833203,2018,5,4,0,0
CAR,15,0.9909305835681943,2018,11,6,2,0
CHI,15,1.0141788617886178,2018,0,9,0,0
CIN,15,0.6802716935053041,2018,3,5,0,0
DEN,15,1.0061871921182266,2018,-1,6,4,0
IND,15,0.9948358208955224,2018,8,7,0,0
JAX,15,0.9961525988384091,2018,6,4,0,0
KC,15,0.9826606993299832,2018,10,11,3,0
LAR,15,0.9457478940191418,2018,6,11,1,0
MIN,15,1.0027904883354588,2018,7,-1,0,0
NYG,15,0.9034909090909091,2018,7,5,0,0
NYJ,15,0.9452363636363637,2018,9,4,4,0
PIT,15,0.9543859649122807,2018,9,-1,0,0
SF,15,1.004905109489051,2018,8,3,0,0
ARI,16,0.9741167192429022,2018,11,3,0,0
CAR,16,0.9847062123499005,2018,5,6,0,0
CLE,16,1.0,2018,6,-1,0,0
DAL,16,1.1606375,2018,5,8,0,0
DET,16,0.9483230769230769,2018,-1,5,0,0
IND,16,0.9214626865671641,2018,5,8,0,0
LAC,16,0.9470740740740741,2018,8,11,0,0
LV,16,0.9606293594020372,2018,6,3,0,0
MIA,16,1.0072253007990692,2018,4,7,0,0
NE,16,0.9857696509000583,2018,5,9,0,0
NO,16,0.9983335154627909,2018,0,12,0,0
NYJ,16,0.9452363636363637,2018,-1,4,0,0
PHI,16,1.001436864187597,2018,10,7,0,0
SEA,16,1.0009710144927537,2018,11,8,1,0
SF,16,1.0336642335766424,2018,10,4,0,0
TEN,16,0.8785560360412479,2018,7,8,0,0
BAL,17,0.9988311176205498,2018,0,9,0,0
BUF,17,0.9415149145346888,2018,7,5,0,0
DEN,17,0.9976617405582923,2018,11,6,0,0
GB,17,0.9496568067680898,2018,5,0,0,0
HOU,17,0.9948490722791471,2018,5,10,0,0
KC,17,1.014839824120603,2018,4,11,0,0
LAR,17,0.919635005798616,2018,4,12,0,0
MIN,17,1.0033455854774584,2018,11,0,0,0
NE,17,0.9857696509000583,2018,4,10,0,0
NO,17,0.9975412523221506,2018,6,13,0,0
NYG,17,0.9424242424242424,2018,9,5,0,0
PIT,17,0.9338304093567251,2018,6,-1,0,0
SEA,17,0.9998550724637681,2018,3,9,0,0
TB,17,0.7640209194140253,2018,6,5,0,0
TEN,17,0.9976136412941295,2018,9,9,1,0
WAS,17,0.7705853658536586,2018,8,7,0,0
ARI,1,0.9572082018927445,2019,0,0,0,0
CAR,1,0.9617722093846421,2019,0,0,0,0
CHI,1,1.0152032520325203,2019,0,0,3,0
CLE,1,1.0,2019,0,0,0,0
DAL,1,1.1294125,2019,0,0,0,0
JAX,1,0.8867743742445238,2019,0,0,0,0
LAC,1,0.9393703703703704,2019,0,0,0,0
LV,1,0.9340314322921313,2019,0,0,0,0
MIA,1,0.9951933380277378,2019,0,0,0,0
MIN,1,1.0008851549021078,2019,0,0,0,0
NE,1,0.9857696509000583,2019,0,0,1,0
NO,1,0.9976915091246858,2019,0,0,2,0
NYJ,1,0.9517939393939394,2019,0,0,0,0
PHI,1,1.001436864187597,2019,0,0,0,0
SEA,1,0.9957971014492754,2019,0,0,0,0
TB,1,0.8086913808546909,2019,0,0,0,0
ATL,2,1.0203239436619718,2019,1,0,1,0
BAL,2,0.9875788643533123,2019,0,1,0,0
CAR,2,0.9496974635019434,2019,0,0,3,0
CIN,2,0.7733496145920782,2019,1,0,0,0
DEN,2,1.009983579638752,2019,0,0,0,0
DET,2,0.9255076923076923,2019,1,-1,0,0
GB,2,0.9628565464569443,2019,1,1,0,0
HOU,2,0.9921212960398782,2019,0,0,0,0
LAR,2,0.9107013139281481,2019,1,1,0,0
LV,2,0.9409707975810336,2019,1,1,0,0
MIA,2,1.002862566206411,2019,1,0,0,0
NYG,2,0.9038666666666667,2019,1,0,0,0
NYJ,2,0.9517939393939394,2019,0,0,2,0
PIT,2,0.9512134502923977,2019,1,0,0,0
TEN,2,0.9089712624560693,2019,0,1,0,0
WAS,2,0.9161951219512195,2019,1,0,0,0
ARI,3,0.9480126182965299,2019,0,0,0,0
BUF,3,0.969835772539381,2019,0,2,0,0
CLE,3,1.0,2019,2,1,1,0
DAL,3,1.1265875,2019,0,2,0,0
GB,3,0.9587063027222161,2019,0,2,0,0
IND,3,0.8999253731343284,2019,1,1,0,0
JAX,3,0.8640142692885993,2019,1,0,0,0
KC,3,0.9604009631490787,2019,2,2,0,0
LAC,3,0.9388518518518518,2019,1,1,0,0
MIN,3,1.0012452179131348,2019,1,1,0,0
NE,3,0.9857696509000583,2019,0,2,0,0
PHI,3,1.002873728375194,2019,-1,1,0,0
SEA,3,1.000072463768116,2019,1,2,0,0
SF,3,1.0137080291970804,2019,0,2,0,0
TB,3,0.795602299979774,2019,0,1,0,0
WAS,3,0.8210609756097561,2019,1,0,2,0
ARI,4,0.9542586750788643,2019,2,0,0,0
ATL,4,1.015605633802817,2019,1,1,0,0
BAL,4,0.9954652996845426,2019,1,2,0,0
BUF,4,0.981971288124232,2019,3,3,0,0
CHI,4,1.010260162601626,2019,2,2,0,0
DEN,4,1.0012348111658456,2019,1,0,0,0
DET,4,1.0028923076923077,2019,3,0,0,0
GB,4,0.9517196498078363,2019,1,3,3,0
HOU,4,0.9927859318748269,2019,1,2,0,0
IND,4,0.9292388059701493,2019,1,2,0,0
LAR,4,0.868097416748442,2019,1,3,0,0
MIA,4,0.983957382971558,2019,1,0,0,0
NO,4,0.9983335154627909,2019,3,2,1,0
NYG,4,0.8987757575757576,2019,0,1,0,0
PIT,4,0.8473538011695907,2019,0,0,2,0
CAR,5,0.971883473359424,2019,2,2,0,0
CIN,5,0.7023124475310998,2019,-1,0,0,0
DAL,5,1.1628,2019,3,3,0,0
HOU,5,0.9940044309055663,2019,1,2,0,0
KC,5,0.9599036850921273,2019,2,4,1,0
LAC,5,0.9391481481481482,2019,0,2,0,0
LV,5,0.9620206841686555,2019,3,2,0,1
NO,5,0.997554912031472,2019,2,3,0,0
NYG,5,0.9095878787878788,2019,2,2,0,0
PHI,5,1.002873728375194,2019,0,2,0,0
PIT,5,0.9362134502923977,2019,2,1,0,0
SEA,5,0.9998260869565218,2019,3,3,3,0
SF,5,1.0304379562043795,2019,2,3,2,0
TEN,5,0.9677046121805534,2019,3,2,0,0
WAS,5,0.932719512195122,2019,4,0,0,0
ARI,6,0.9485804416403786,2019,1,-1,0,0
BAL,6,0.9865226453357369,2019,0,3,0,0
CLE,6,1.0,2019,4,2,0,0
DEN,6,0.9959277504105091,2019,2,1,0,0
GB,6,0.9448189486867794,2019,0,4,2,0
JAX,6,0.9484507208349303,2019,4,2,0,0
KC,6,0.9595241834170855,2019,3,4,0,0
LAC,6,0.9416666666666667,2019,1,2,1,0
LAR,6,0.9646730472682784,2019,4,3,0,0
MIA,6,0.9155313351498637,2019,0,0,0,0
MIN,6,1.0027304778336208,2019,3,3,0,0
NE,6,0.9857696509000583,2019,2,5,3,0
NYJ,6,0.9517939393939394,2019,3,0,0,0
TB,6,0.9560381861575179,2019,3,2,1,1
ATL,7,1.012056338028169,2019,3,1,0,0
BUF,7,0.9543626410456932,2019,0,4,0,0
CHI,7,1.0131056910569105,2019,5,3,0,0
CIN,7,0.6530412882545982,2019,2,0,0,0
DAL,7,1.1401625,2019,3,3,1,0
DEN,7,1.008183908045977,2019,4,2,3,0
DET,7,0.9279076923076923,2019,4,0,0,0
GB,7,0.9597131665868542,2019,3,5,0,0
IND,7,0.895179104477612,2019,4,3,0,0
NYG,7,0.8918424242424242,2019,-1,2,0,0
NYJ,7,0.9517939393939394,2019,6,1,2,0
SEA,7,1.0001739130434784,2019,4,5,0,0
TEN,7,0.9029258204011975,2019,2,2,0,0
WAS,7,0.7495,2019,5,1,0,0
ATL,8,1.0068028169014085,2019,5,1,0,0
BUF,8,0.9696542285778126,2019,3,5,0,0
CHI,8,1.0021463414634146,2019,2,3,0,0
DET,8,0.9001384615384616,2019,2,-1,0,0
HOU,8,0.9954721683744115,2019,3,4,0,0
IND,8,0.9201940298507463,2019,2,4,0,0
JAX,8,0.8525162888056841,2019,1,3,0,0
KC,8,0.9625994556113903,2019,6,5,1,0
LAR,8,0.9734883720930233,2019,0,4,0,1
MIN,8,1.0018153176805942,2019,1,5,3,0
NE,8,0.9857696509000583,2019,2,7,0,0
NO,8,0.9980330018577205,2019,0,6,0,0
PIT,8,0.866140350877193,2019,0,2,2,0
SF,8,1.0085109489051094,2019,4,6,0,0
TEN,8,0.8977481451484605,2019,2,3,0,0
ARI,9,0.9619242902208202,2019,7,0,3,0
BAL,9,1.0020983551149167,2019,8,5,1,0
BUF,9,0.9452156183666629,2019,1,5,0,0
CAR,9,0.9689182149678763,2019,4,4,0,0
DEN,9,1.0081182266009852,2019,2,2,0,0
JAX,9,0.9857093023255814,2019,5,4,0,1
KC,9,0.9633453726968174,2019,6,5,0,0
LAC,9,0.942037037037037,2019,7,3,0,0
LV,9,0.9511390192125871,2019,0,3,0,0
MIA,9,0.906668095398463,2019,1,0,0,0
NYG,9,0.922509090909091,2019,4,2,2,0
PHI,9,1.002873728375194,2019,3,4,0,0
PIT,9,0.8934941520467836,2019,5,3,0,0
SEA,9,0.9992463768115942,2019,2,6,0,0
CHI,10,1.0041951219512195,2019,0,3,0,0
CIN,10,0.7008776616042127,2019,6,0,0,0
CLE,10,1.0,2019,6,2,0,0
DAL,10,1.13985,2019,6,5,1,0
GB,10,0.9588536486536265,2019,5,7,0,0
IND,10,0.903134328358209,2019,1,5,0,0
LV,10,0.9268066432381327,2019,4,4,0,0
NO,10,1.001024478199104,2019,1,7,0,0
NYJ,10,0.9517939393939394,2019,2,1,0,0
PIT,10,0.930219298245614,2019,5,4,0,0
SF,10,1.0423941605839415,2019,7,8,2,0
TB,10,0.5784333554855673,2019,0,2,0,0
TEN,10,0.9959648843700736,2019,6,4,0,0
BAL,11,0.9960990310950879,2019,6,7,0,0
CAR,11,0.9764782881643448,2019,2,5,0,0
CLE,11,1.0,2019,5,3,3,0
DET,11,0.9507846153846153,2019,5,0,0,0
IND,11,0.9251641791044776,2019,4,5,0,0
LAC,11,0.3067710843373494,2019,6,4,2,1
LAR,11,0.9017548778467381,2019,4,5,1,0
LV,11,0.9262179567226216,2019,0,5,0,0
MIA,11,0.9825643694700426,2019,6,2,0,0
MIN,11,1.0034205986047557,2019,3,7,0,0
PHI,11,1.002873728375194,2019,8,5,0,0
SF,11,1.0134160583941605,2019,0,8,0,0
TB,11,0.7849547805484123,2019,7,3,0,0
WAS,11,0.6881219512195121,2019,2,1,0,0
ATL,12,1.0065211267605634,2019,3,3,0,0
BUF,12,0.940369791084795,2019,3,7,0,0
CHI,12,1.0013170731707317,2019,2,4,0,0
CIN,12,0.7238495001144776,2019,5,0,0,0
CLE,12,1.0,2019,2,4,0,0
HOU,12,0.9931736361118804,2019,6,6,3,0
LAR,12,0.9227955701122765,2019,8,6,2,0
NE,12,0.9857696509000583,2019,6,9,0,0
NO,12,0.998087640695006,2019,5,8,0,0
NYJ,12,0.9517939393939394,2019,6,3,0,0
PHI,12,1.002873728375194,2019,8,5,0,0
SF,12,1.0437956204379562,2019,8,9,1,0
TEN,12,0.881159336447652,2019,4,5,0,0
WAS,12,0.7043170731707317,2019,0,1,0,0
ARI,13,0.9612618296529969,2019,6,0,0,0
ATL,13,1.0139859154929578,2019,9,3,3,0
BAL,13,1.0002957413249212,2019,10,9,0,0
CAR,13,0.9550803424739872,2019,2,5,0,0
CIN,13,0.6075555216362665,2019,4,0,0,0
DAL,13,1.1305625,2019,8,6,0,0
DEN,13,0.9804663382594417,2019,4,3,0,0
DET,13,1.0063384615384616,2019,5,0,0,0
HOU,13,0.9972999169205207,2019,10,7,1,0
IND,13,0.900910447761194,2019,6,6,0,0
JAX,13,0.9232730917774699,2019,4,4,0,0
KC,13,0.9624685929648241,2019,6,7,0,0
MIA,13,1.0033524171080428,2019,5,2,0,0
NYG,13,0.9206060606060606,2019,8,2,0,0
PIT,13,0.9087280701754386,2019,5,6,0,0
SEA,13,1.001159420289855,2019,8,9,2,0
ARI,14,1.0075709779179811,2019,7,0,0,0
ATL,14,0.9942535211267606,2019,5,3,0,0
BUF,14,0.9654507876214948,2019,10,9,0,0
CHI,14,0.9963577235772357,2019,6,6,3,0
CLE,14,1.0,2019,1,5,0,0
GB,14,0.9491042595253005,2019,3,9,0,0
HOU,14,0.9937551924674606,2019,4,8,0,0
JAX,14,0.8530027418261151,2019,4,4,0,0
LAR,14,0.9112238265767775,2019,10,7,1,0
LV,14,0.9411848654048558,2019,7,6,0,0
MIN,14,1.0018153176805942,2019,0,8,0,0
NE,14,0.9857696509000583,2019,8,10,0,0
NO,14,0.9976778494153644,2019,10,10,0,0
NYJ,14,0.9517939393939394,2019,3,4,0,0
PHI,14,1.002873728375194,2019,2,5,2,0
TB,14,0.725707185992083,2019,6,5,0,0
ARI,15,0.9991324921135647,2019,6,-1,0,0
BAL,15,0.9934796079315007,2019,5,11,3,0
CAR,15,0.9689716430470033,2019,10,5,0,0
CIN,15,0.8710371670609784,2019,10,1,0,0
DAL,15,1.13045,2019,8,6,0,0
DET,15,0.8694615384615385,2019,6,0,0,0
GB,15,0.9610147223143134,2019,7,10,0,0
KC,15,0.9586604899497487,2019,5,9,0,0
LAC,15,0.9424444444444444,2019,9,5,0,0
LV,15,0.9416843569937742,2019,4,6,0,0
NO,15,0.9978827450551853,2019,6,10,2,0
NYG,15,0.8835636363636363,2019,3,2,0,0
PIT,15,0.9458187134502924,2019,9,8,1,0
SF,15,1.035182481751825,2019,4,11,0,0
TEN,15,0.9439133390220268,2019,8,8,0,0
WAS,15,0.7712926829268293,2019,6,3,0,0
ATL,16,0.9982112676056338,2019,5,5,0,0
CHI,16,1.0115934959349593,2019,10,7,1,0
CLE,16,1.0,2019,12,6,0,0
DEN,16,0.9735960591133005,2019,0,5,0,0
IND,16,0.9230597014925374,2019,5,6,0,0
LAC,16,0.94,2019,6,5,0,0
MIA,16,0.9332884303340171,2019,1,3,0,0
MIN,16,1.0075313179806467,2019,11,10,2,0
NE,16,0.9857696509000583,2019,10,11,4,0
NYJ,16,0.9517939393939394,2019,8,5,0,0
PHI,16,1.002873728375194,2019,7,7,0,0
SEA,16,1.00031884057971,2019,-1,11,0,0
SF,16,1.0234014598540147,2019,8,11,4,0
TB,16,0.708428443468462,2019,9,7,4,0
TEN,16,0.9654773440550742,2019,11,8,0,0
WAS,16,0.805890243902439,2019,3,3,0,0
BAL,17,0.9955920459666516,2019,8,13,0,0
BUF,17,0.9638029270472573,2019,6,10,0,0
CAR,17,0.9644168993014278,2019,12,5,0,0
CIN,17,0.7289780966190949,2019,6,1,0,0
DAL,17,1.133075,2019,3,7,0,0
DEN,17,1.002745484400657,2019,7,6,0,0
DET,17,0.9667692307692307,2019,12,0,0,0
HOU,17,0.9941013569648297,2019,8,10,0,0
JAX,17,0.8619357882013031,2019,7,5,0,0
KC,17,0.9641959798994975,2019,5,11,0,0
LAR,17,0.8750812443447564,2019,0,8,0,0
MIN,17,1.0038706773685395,2019,7,10,0,0
NE,17,0.9857696509000583,2019,4,12,0,0
NYG,17,0.9094424242424243,2019,8,4,0,0
SEA,17,1.0023478260869565,2019,12,11,1,0
TB,17,0.7283799011817735,2019,6,7,0,0
ATL,1,0.9666619718309859,2021,0,0,0,0
BUF,1,0.9745698804602838,2021,0,0,0,0
CAR,1,0.9378097158961892,2021,0,0,0,0
CIN,1,0.8627795161413416,2021,0,0,0,0
DET,1,0.9134461538461538,2021,0,0,0,0
HOU,1,0.9430213237330379,2021,0,0,0,0
IND,1,0.9454776119402986,2021,0,0,0,0
KC,1,0.9549439907872697,2021,0,0,0,0
LAR,1,1.0029185649202734,2021,0,0,1,0
LV,1,0.9500923076923077,2021,0,0,2,0
NE,1,0.9857696509000583,2021,0,0,0,0
NO,1,0.48139547590427273,2021,0,0,0,0
NYG,1,0.8984121212121212,2021,0,0,0,0
TB,1,0.9472391574445953,2021,0,0,3,0
TEN,1,0.9721302228714404,2021,0,0,0,0
WAS,1,0.7790215160151809,2021,0,0,0,0
ARI,2,0.9481861198738171,2021,0,1,0,0
BAL,2,0.9916769941415052,2021,1,0,1,0
CAR,2,0.9440073730749196,2021,1,1,0,0
CHI,2,0.9892682926829268,2021,1,0,0,0
CLE,2,1.0,2021,1,0,0,0
GB,2,0.9484166451787184,2021,0,0,2,0
IND,2,0.9414328358208955,2021,1,0,0,0
JAX,2,0.8617736371944927,2021,1,0,0,0
LAC,2,1.0,2021,0,1,0,0
MIA,2,0.9956219575666656,2021,0,1,0,0
NYJ,2,0.9166787878787879,2021,0,0,0,0
PHI,2,1.002873728375194,2021,1,1,0,0
PIT,2,0.9313888888888889,2021,1,1,0,0
SEA,2,0.9939855072463768,2021,0,1,0,0
TB,2,0.9201941691467538,2021,0,1,0,0
WAS,2,0.7401095736668784,2021,0,0,3,0
BUF,3,0.955675343537035,2021,1,1,0,0
CLE,3,1.0,2021,1,1,0,0
DAL,3,1.1658375,2021,1,1,2,0
DEN,3,0.996807881773399,2021,0,2,0,0
DET,3,0.7813538461538462,2021,1,0,0,0
HOU,3,0.9459983384104126,2021,2,1,3,0
JAX,3,0.8551549279165069,2021,2,0,0,0
KC,3,0.955035594639866,2021,1,1,0,0
LAR,3,1.0422124145785876,2021,2,2,0,0
LV,3,0.9124769230769231,2021,1,2,0,0
MIN,3,1.0011101942839997,2021,1,0,0,0
NE,3,0.9857696509000583,2021,1,1,0,0
NYG,3,0.9128121212121212,2021,0,0,0,0
PIT,3,0.8490643274853801,2021,1,1,0,0
SF,3,1.0197518248175181,2021,1,2,1,0
TEN,3,0.9822252433362741,2021,0,1,0,0
ATL,4,0.9624366197183098,2021,1,1,0,0
BUF,4,0.950829516255167,2021,1,2,0,0
CHI,4,0.9994796747967479,2021,0,1,0,0
CIN,4,0.9646340532702434,2021,0,2,3,0
DAL,4,1.165775,2021,3,2,0,0
DEN,4,1.0047947454844006,2021,2,3,0,0
GB,4,0.9611989047285765,2021,1,2,0,0
LAC,4,1.0,2021,3,2,2,0
LAR,4,0.996625854214123,2021,3,3,0,0
MIA,4,0.9884425802896244,2021,0,1,0,0
MIN,4,1.000720126022054,2021,2,1,0,0
NE,4,0.9857696509000583,2021,2,1,1,0
NO,4,0.9448420937602448,2021,0,2,0,0
NYJ,4,0.8512969696969697,2021,2,0,0,0
PHI,4,1.002873728375194,2021,1,1,0,0
SF,4,1.006014598540146,2021,1,2,0,0
ARI,5,0.989211356466877,2021,2,4,0,0
ATL,5,0.9640254574383452,2021,1,1,1,1
BAL,5,0.9929867057232988,2021,1,3,2,0
CAR,5,0.9689850000667851,2021,1,3,0,0
CIN,5,0.9798519423032893,2021,3,3,0,0
DAL,5,1.16845,2021,1,3,0,0
HOU,5,0.9477983937967323,2021,1,1,0,0
JAX,5,0.8591349980836699,2021,2,0,0,0
KC,5,0.9603878768844221,2021,3,2,1,0
LAC,5,1.0,2021,3,3,0,0
LV,5,0.9095692307692308,2021,2,3,0,0
MIN,5,0.9982446928212437,2021,0,1,0,0
PIT,5,0.8748684210526316,2021,3,1,0,0
SEA,5,0.9963333333333333,2021,3,2,3,0
TB,5,0.9472969458811292,2021,1,3,0,0
WAS,5,0.7403901531373215,2021,2,2,0,0
BAL,6,0.9957187922487607,2021,4,4,0,0
CAR,6,0.963094554343035,2021,2,3,0,0
CHI,6,1.013528455284553,2021,4,3,0,0
CLE,6,1.0,2021,5,3,0,0
DEN,6,1.009576354679803,2021,3,3,0,0
DET,6,0.7820153846153847,2021,3,0,0,0
IND,6,0.8648805970149254,2021,1,1,0,0
JAX,6,0.9671280827366746,2021,1,0,0,1
NE,6,0.9857696509000583,2021,4,2,0,0
NYG,6,0.896,2021,4,1,0,0
PHI,6,1.002873728375194,2021,4,2,3,0
PIT,6,0.8891959064327485,2021,2,2,1,0
TEN,6,1.0039917272898196,2021,4,3,2,0
WAS,6,0.7578894516886454,2021,2,2,0,0
ARI,7,0.9510567823343848,2021,1,6,0,0
BAL,7,0.9950850608382155,2021,4,5,0,0
CLE,7,1.0,2021,3,3,3,0
GB,7,0.9604376174162891,2021,2,5,0,0
LAR,7,1.0042710706150342,2021,0,5,0,0
LV,7,0.9538461538461539,2021,2,4,0,0
MIA,7,0.9603986161712029,2021,2,1,0,0
NE,7,0.9857696509000583,2021,1,2,0,0
NYG,7,0.8713818181818181,2021,3,1,0,0
SEA,7,0.9936666666666667,2021,3,2,2,0
SF,7,0.82592700729927,2021,2,2,1,0
TB,7,0.9482360079748042,2021,3,5,0,0
TEN,7,1.0049318079921323,2021,3,4,0,0
ARI,8,1.0046687697160883,2021,6,7,3,0
ATL,8,0.9659577464788732,2021,3,3,0,0
BUF,8,0.96853703496816,2021,1,4,0,0
CHI,8,0.989869918699187,2021,2,3,0,0
CLE,8,1.0,2021,3,4,0,0
DEN,8,0.9980032840722496,2021,2,3,0,0
DET,8,0.7260307692307693,2021,2,0,0,0
HOU,8,0.9140542785931874,2021,6,1,0,0
IND,8,0.8832089552238805,2021,5,3,0,0
KC,8,0.9539625209380235,2021,2,3,2,0
LAC,8,1.0,2021,3,4,0,0
MIN,8,0.999669942239892,2021,5,3,1,0
NO,8,0.9448420937602448,2021,6,4,0,0
NYJ,8,0.8182181818181818,2021,5,1,0,0
SEA,8,0.974536231884058,2021,1,2,0,0
BAL,9,0.994240085624155,2021,3,5,0,0
CAR,9,0.9644168993014278,2021,4,4,0,0
CIN,9,0.999023124475311,2021,4,5,0,0
DAL,9,1.1687875,2021,4,6,0,0
IND,9,0.8894477611940298,2021,2,3,3,0
JAX,9,0.930304549072791,2021,5,1,0,0
KC,9,0.9615263819095478,2021,7,4,0,0
LAR,9,1.021996013667426,2021,6,7,1,0
MIA,9,0.9220218595964853,2021,1,1,0,0
NO,9,0.9448420937602448,2021,3,5,0,0
NYG,9,0.9031757575757575,2021,5,2,0,0
PHI,9,1.002873728375194,2021,4,3,0,0
PIT,9,0.8887134502923977,2021,3,4,2,0
SF,9,0.8614890510948905,2021,7,3,0,0
ARI,10,0.9842271293375394,2021,4,8,0,0
DAL,10,1.16795,2021,4,6,0,0
DEN,10,1.0084203612479474,2021,3,5,0,0
GB,10,0.9606340786581697,2021,3,7,0,0
IND,10,0.9048059701492537,2021,2,4,0,0
LAC,10,1.0,2021,3,5,0,0
LV,10,0.9557692307692308,2021,5,5,1,0
MIA,10,1.0095214769004683,2021,6,2,3,0
NE,10,0.9857696509000583,2021,5,5,0,0
NYJ,10,0.9409090909090909,2021,5,2,0,0
PIT,10,0.858421052631579,2021,0,0,0,0
SF,10,0.9380437956204379,2021,7,3,2,0
TEN,10,1.0039194133896419,2021,5,7,0,0
WAS,10,0.7697919281716555,2021,6,2,0,0
ATL,11,0.9617746478873239,2021,6,4,3,0
BUF,11,0.9756731091498156,2021,5,6,0,0
CAR,11,0.9797374009910909,2021,3,5,0,0
CHI,11,0.986650406504065,2021,6,3,0,0
CLE,11,1.0,2021,0,5,0,0
JAX,11,0.8884106253132462,2021,4,2,0,0
KC,11,0.9617619346733668,2021,7,6,0,0
LAC,11,1.0,2021,0,5,1,0
LV,11,0.9494153846153847,2021,5,5,0,0
MIN,11,1.0045607981396745,2021,8,4,0,0
NYJ,11,0.8764,2021,3,2,0,0
PHI,11,1.002873728375194,2021,5,4,0,0
SEA,11,0.9975797101449275,2021,8,3,0,0
TB,11,0.948351584847872,2021,3,6,2,0
TEN,11,0.9747190604978089,2021,1,8,0,0
BAL,12,0.9908038530869762,2021,6,7,1,0
CIN,12,0.9652446004731741,2021,0,6,0,0
DAL,12,1.1685375,2021,5,7,0,0
DEN,12,0.9958226600985222,2021,6,5,0,0
DET,12,0.867,2021,3,0,0,0
GB,12,0.957110055131936,2021,7,8,0,0
HOU,12,0.9016892827471614,2021,2,2,0,0
IND,12,0.9871641791044776,2021,7,6,0,0
JAX,12,0.8849170081665143,2021,4,2,0,0
MIA,12,0.9550408719346049,2021,5,4,0,0
NE,12,0.9857696509000583,2021,8,7,0,0
NO,12,0.9448420937602448,2021,6,5,3,0
NYG,12,0.8965939393939394,2021,5,3,0,0
SF,12,1.0436934306569343,2021,5,5,0,0
WAS,12,0.7779435001550571,2021,3,4,2,0
ATL,13,0.9769859154929578,2021,8,5,0,0
BUF,13,0.9732711428890627,2021,8,7,2,0
CHI,13,0.9886666666666667,2021,9,4,0,0
CIN,13,0.7847668472868808,2021,6,7,0,0
DET,13,0.7029384615384615,2021,5,-1,0,0
HOU,13,0.9040570479091664,2021,6,2,0,0
KC,13,0.9577182788944724,2021,6,7,1,0
LAR,13,1.007986902050114,2021,2,7,0,0
LV,13,0.9478,2021,5,6,0,0
MIA,13,1.0087560848666688,2021,4,5,0,0
NO,13,0.9448420937602448,2021,7,5,3,0
NYJ,13,0.8886181818181819,2021,5,3,0,0
PIT,13,0.8670029239766082,2021,8,-1,0,0
SEA,13,0.9964927536231885,2021,6,3,0,0
ARI,14,1.0094479495268138,2021,8,10,2,0
CAR,14,0.9649511800926978,2021,5,5,0,0
CIN,14,0.770525833778524,2021,6,7,0,0
CLE,14,1.0,2021,8,6,0,0
DEN,14,1.0011297208538588,2021,0,6,0,0
GB,14,0.9611006741076362,2021,4,9,1,0
HOU,14,0.9361672666851287,2021,4,2,0,0
KC,14,0.9589353015075377,2021,6,8,0,0
LAC,14,1.0,2021,4,7,0,0
MIN,14,1.0009451654039456,2021,0,5,3,0
NYJ,14,0.8379272727272727,2021,5,3,0,0
TB,14,0.9485249501574735,2021,7,9,0,0
TEN,14,0.9806921886525027,2021,2,8,0,0
WAS,14,0.9053561144173545,2021,8,6,0,0
BAL,15,0.9972819963947724,2021,10,8,0,0
BUF,15,0.9132778460507206,2021,5,7,0,0
CHI,15,0.9769430894308944,2021,6,4,2,0
CLE,15,1.0,2021,6,7,2,0
DEN,15,1.0001182266009851,2021,7,7,0,0
DET,15,0.6955538461538462,2021,10,-1,0,0
IND,15,0.9909104477611941,2021,9,7,4,0
JAX,15,0.8881747693033403,2021,2,2,0,0
LAC,15,1.0,2021,9,8,3,0
LAR,15,1.0188638952164009,2021,5,9,0,0
MIA,15,1.01085325903928,2021,3,6,0,0
NYG,15,0.9383393939393939,2021,9,4,0,0
PHI,15,1.002873728375194,2021,6,6,0,0
PIT,15,0.8701900584795321,2021,9,-1,0,0
SF,15,1.045985401459854,2021,6,7,0,0
TB,15,0.9498107428703516,2021,6,10,1,0
ARI,16,1.0078864353312302,2021,8,10,4,0
ATL,16,0.9667323943661972,2021,0,6,0,0
CAR,16,0.9606101486636301,2021,10,5,0,0
CIN,16,0.9756849576432878,2021,8,8,0,0
DAL,16,1.168525,2021,6,10,1,0
GB,16,0.9565329502339117,2021,7,11,4,0
HOU,16,0.9093602880088618,2021,8,3,0,0
KC,16,0.960152324120603,2021,0,10,0,0
LV,16,0.9380307692307692,2021,7,7,0,0
MIN,16,1.000795139149351,2021,10,7,0,0
NE,16,0.9857696509000583,2021,8,9,0,0
NO,16,0.9448420937602448,2021,7,7,2,0
NYJ,16,0.8135757575757576,2021,2,3,0,0
PHI,16,1.002873728375194,2021,4,7,0,0
SEA,16,0.9926376811594203,2021,4,5,0,0
TEN,16,1.003152886047756,2021,8,9,3,0
BAL,17,0.990423614240649,2021,11,8,0,0
BUF,17,0.906993631996425,2021,7,9,0,0
CHI,17,0.9690081300813008,2021,4,5,0,0
CIN,17,0.9845836831260016,2021,11,9,0,0
DAL,17,1.1682375,2021,10,11,0,0
GB,17,0.9556857111283015,2021,7,12,1,0
IND,17,0.9848507462686568,2021,8,9,0,0
LAC,17,1.0,2021,7,8,0,0
NE,17,0.9857696509000583,2021,2,9,0,0
NO,17,0.9448420937602448,2021,5,7,0,0
NYJ,17,0.8756727272727273,2021,11,4,0,0
PIT,17,0.9301754385964912,2021,7,-1,2,0
SEA,17,0.9861304347826086,2021,0,5,0,0
SF,17,1.0454306569343066,2021,4,8,0,0
TEN,17,0.9992479354381499,2021,8,10,0,0
WAS,17,0.7614483807611088,2021,8,6,0,0
ARI,18,1.0072239747634069,2021,6,11,0,0
ATL,18,0.9624788732394366,2021,8,7,0,0
BAL,18,0.9921839792699414,2021,-1,8,0,0
BUF,18,0.9046894201765165,2021,4,10,0,0
CLE,18,1.0,2021,10,7,0,0
DEN,18,0.9985155993431856,2021,11,7,4,0
DET,18,0.8728461538461538,2021,13,-1,0,0
HOU,18,0.9238715037385765,2021,11,4,0,0
JAX,18,0.8920663934667885,2021,9,2,0,0
LAR,18,1.0598946469248292,2021,9,12,0,0
LV,18,0.9548923076923077,2021,9,9,1,0
MIA,18,1.018185714723081,2021,10,8,0,0
MIN,18,0.9995499212362163,2021,6,7,0,0
NYG,18,0.8475515151515152,2021,6,4,0,0
PHI,18,1.002873728375194,2021,11,9,4,0
TB,18,0.9458955762951833,2021,5,12,0,0
ARI,1,1.0046845425867508,2022,0,0,0,0
ATL,1,0.9870140845070422,2022,0,0,0,0
CAR,1,0.9644436133409914,2022,0,0,0,0
CHI,1,1.0107154471544715,2022,0,0,0,0
CIN,1,1.0049759597038845,2022,0,0,0,0
DAL,1,1.1724625,2022,0,0,1,0
DET,1,0.9928769230769231,2022,0,0,0,0
HOU,1,0.9611603433951814,2022,0,0,0,0
LAC,1,1.0,2022,0,0,0,0
LAR,1,1.0513382687927106,2022,0,0,3,0
MIA,1,1.0070416067109573,2022,0,0,0,0
MIN,1,1.0045607981396745,2022,0,0,0,0
NYJ,1,0.9554787878787879,2022,0,0,0,0
SEA,1,0.9994927536231885,2022,0,0,2,0
TEN,1,0.9806488003123961,2022,0,0,0,0
WAS,1,0.859341081264675,2022,0,0,0,0
BAL,2,0.9940006759801713,2022,1,1,0,0
BUF,2,0.9870824488883924,2022,0,1,2,0
CLE,2,1.0,2022,0,1,0,0
DAL,2,1.1618,2022,0,0,0,0
DEN,2,1.0008669950738915,2022,0,0,0,0
DET,2,0.8874923076923077,2022,1,0,0,0
GB,2,0.9620461438341867,2022,1,0,1,0
JAX,2,0.8602847961319614,2022,0,0,0,0
KC,2,0.9613300879396985,2022,1,1,3,0
LAR,2,1.022238041002278,2022,0,0,0,0
LV,2,0.9493384615384616,2022,0,0,0,0
NO,2,0.9616435362255491,2022,1,1,0,0
NYG,2,0.8950666666666667,2022,0,1,0,0
PHI,2,1.0040663256508995,2022,1,1,2,0
PIT,2,0.9840204678362573,2022,0,1,0,0
SF,2,1.0452116788321169,2022,1,0,0,0
ARI,3,0.9975236593059937,2022,1,1,0,0
CAR,3,0.9416164665339869,2022,1,0,0,0
CHI,3,0.9852357723577235,2022,0,1,0,0
CLE,3,1.0,2022,1,1,3,0
DEN,3,1.0117701149425287,2022,1,1,1,0
IND,3,0.9847014925373134,2022,2,-1,0,0
LAC,3,0.9675968109339408,2022,1,1,0,0
MIA,3,1.013470899794875,2022,2,2,0,0
MIN,3,0.9997449553671892,2022,1,1,0,0
NE,3,0.9857696509000583,2022,1,1,0,0
NYG,3,0.9629696969696969,2022,1,2,2,0
NYJ,3,0.893430303030303,2022,0,1,0,0
SEA,3,0.9967101449275362,2022,0,1,0,0
TB,3,0.9996966107081973,2022,1,2,0,0
TEN,3,0.9928553866624242,2022,0,0,0,0
WAS,3,0.9514006822511334,2022,2,1,0,0
ATL,4,0.9779577464788732,2022,2,1,0,0
BAL,4,0.9927613789995493,2022,2,2,0,0
CAR,4,0.932453550963709,2022,1,1,0,0
CIN,4,1.0266351217278487,2022,3,1,3,0
DAL,4,1.161825,2022,1,2,0,0
DET,4,0.9833846153846154,2022,1,1,0,0
GB,4,0.961640942522808,2022,1,2,0,0
HOU,4,0.9563971199113819,2022,1,0,0,0
IND,4,0.9818059701492537,2022,1,0,0,0
LV,4,0.9589538461538462,2022,2,0,0,0
NO,4,0.9648210023866348,2022,2,1,0,1
NYG,4,0.8975030303030304,2022,2,2,0,0
PHI,4,1.0040663256508995,2022,2,3,0,0
PIT,4,0.9733625730994152,2022,1,1,0,0
SF,4,1.0452116788321169,2022,2,1,2,0
TB,4,0.9874310150538878,2022,2,2,1,0
ARI,5,1.0081861198738171,2022,4,2,0,0
BAL,5,0.9935218566922037,2022,2,2,1,0
BUF,5,0.9882136074181656,2022,1,3,0,0
CAR,5,0.965993027635674,2022,2,1,0,0
CLE,5,1.0,2022,2,2,0,0
DEN,5,1.0071198686371101,2022,-1,2,3,0
GB,5,0.9709466984884646,2022,3,3,0,0
JAX,5,0.8847253751584657,2022,-1,2,0,0
KC,5,0.9621414363484088,2022,1,3,2,0
LAR,5,1.0557232346241459,2022,3,2,0,0
MIN,5,1.0041107193758907,2022,2,3,0,0
NE,5,0.9857696509000583,2022,1,1,0,0
NO,5,0.9562206316249591,2022,2,1,0,0
NYJ,5,1.0,2022,3,2,0,0
TB,5,0.9867231067063481,2022,2,2,0,0
WAS,5,0.7654798647311606,2022,2,1,0,0
ATL,6,0.9832816901408451,2022,3,2,0,0
CHI,6,1.0060650406504066,2022,1,2,3,0
CLE,6,1.0,2022,2,2,0,0
GB,6,0.9619601920408639,2022,3,3,0,1
IND,6,0.9813283582089553,2022,2,-1,0,0
KC,6,0.9629658710217756,2022,4,4,0,0
LAC,6,1.0,2022,2,3,2,0
LAR,6,1.0176822323462416,2022,1,2,0,0
MIA,6,1.0118482686832195,2022,4,3,0,0
NO,6,0.9562342913342804,2022,2,2,0,0
NYG,6,0.9456848484848485,2022,3,4,0,0
PHI,6,1.0040663256508995,2022,4,5,1,0
PIT,6,0.9840204678362573,2022,3,1,0,0
SEA,6,0.998072463768116,2022,2,2,0,0
ARI,7,0.9982649842271294,2022,2,2,3,0
BAL,7,0.9922966426318162,2022,2,3,0,0
CAR,7,0.9609173601186103,2022,3,1,0,0
CIN,7,1.0098145462871098,2022,3,3,0,0
DAL,7,1.1685875,2022,1,4,0,0
DEN,7,1.0065550082101806,2022,4,2,0,0
JAX,7,0.9679530646540287,2022,5,2,0,0
LAC,7,1.0,2022,3,4,0,0
LV,7,0.9419692307692308,2022,0,1,0,0
MIA,7,1.013746440927043,2022,2,3,1,0
NE,7,0.9857696509000583,2022,2,3,2,0
SF,7,1.0473868613138686,2022,4,3,0,0
TEN,7,1.0045702384912427,2022,0,3,0,0
WAS,7,0.8923460873931214,2022,3,2,0,0
ATL,8,0.9717746478873239,2022,2,3,0,0
BUF,8,0.9895961345101106,2022,3,5,1,0
CLE,8,1.0,2022,4,2,2,0
DAL,8,1.1720875,2022,3,5,0,0
DET,8,0.9453384615384616,2022,4,1,0,0
HOU,8,0.9480337856549432,2022,4,0,0,0
IND,8,0.9778358208955223,2022,3,0,0,0
JAX,8,1.0025,2022,2,2,0,1
LAR,8,1.0464834851936218,2022,3,3,0,0
MIN,8,1.0013052284149726,2022,3,5,0,0
NO,8,0.9563025898808873,2022,2,2,0,0
NYJ,8,1.0039151515151514,2022,3,5,0,0
PHI,8,1.0040663256508995,2022,2,6,0,0
SEA,8,0.9988550724637681,2022,6,4,0,0
TB,8,0.9955791846051605,2022,4,3,3,0
ARI,9,1.009179810725552,2022,5,3,0,0
ATL,9,0.9760422535211267,2022,4,4,0,0
CHI,9,1.014260162601626,2022,5,3,0,0
CIN,9,1.0098450736472564,2022,2,4,0,0
DET,9,0.9750615384615384,2022,3,1,0,0
HOU,9,0.9530739407366381,2022,7,0,3,0
JAX,9,0.9251157168548602,2022,2,2,0,0
KC,9,0.9615132956448911,2022,5,5,1,0
NE,9,0.9857696509000583,2022,0,4,0,0
NO,9,0.9563162495902087,2022,5,3,2,0
NYJ,9,1.0076969696969698,2022,6,5,0,0
TB,9,0.997125025282441,2022,3,3,0,0
WAS,9,0.86611929057696,2022,6,4,0,0
BUF,10,0.9893308010278181,2022,7,6,0,0
CAR,10,0.9620927778594041,2022,4,2,3,0
CHI,10,1.0051544715447154,2022,2,3,0,0
GB,10,0.9630652865264424,2022,6,3,0,0
KC,10,0.9617488484087102,2022,3,6,0,0
LAR,10,1.0215261958997721,2022,3,3,0,0
LV,10,0.9568769230769231,2022,-1,2,0,0
MIA,10,1.018935798916205,2022,3,6,0,0
NYG,10,0.8680606060606061,2022,0,6,0,0
PHI,10,1.0040663256508995,2022,4,8,2,0
PIT,10,0.9728654970760234,2022,3,2,0,0
SF,10,1.046846715328467,2022,5,4,1,0
TB,10,0.9973,2022,6,4,0,1
TEN,10,1.001402889663451,2022,3,5,0,0
ARI,11,0.9449036144578313,2022,5,4,2,1
ATL,11,0.9824929577464788,2022,3,4,0,0
BAL,11,0.9953385534024335,2022,3,6,0,0
BUF,11,0.7282147246117752,2022,3,6,0,0
DEN,11,0.9990935960591133,2022,2,3,0,0
GB,11,0.9516828133249837,2022,6,4,3,0
HOU,11,0.9120049847687621,2022,5,0,0,0
IND,11,0.9886716417910448,2022,8,0,0,0
LAC,11,1.0,2022,7,5,1,0
MIN,11,0.9797314530042758,2022,6,8,0,0
NE,11,0.9857696509000583,2022,6,5,0,0
NO,11,0.9565211452300295,2022,3,3,0,0
NYG,11,0.9244484848484849,2022,3,7,0,0
PIT,11,0.9707748538011696,2022,5,3,0,0
ARI,12,1.003596214511041,2022,5,4,0,0
CAR,12,0.9435933054616854,2022,3,3,0,0
CLE,12,1.0,2022,5,3,0,0
DAL,12,1.1696,2022,7,7,0,0
DET,12,1.0238923076923077,2022,7,4,0,0
IND,12,0.9848059701492538,2022,3,0,2,0
JAX,12,0.8779739968749078,2022,7,3,0,0
KC,12,0.9625863693467337,2022,3,8,0,0
MIA,12,1.013455591954199,2022,0,7,0,0
MIN,12,1.0039456904958368,2022,6,8,3,0
NYJ,12,0.9450060606060606,2022,3,6,0,0
PHI,12,1.0040663256508995,2022,4,9,1,0
SEA,12,0.9978115942028986,2022,3,6,0,0
SF,12,1.0405109489051094,2022,4,6,0,0
TEN,12,1.0043099084506024,2022,6,7,0,0
WAS,12,0.7954280313658313,2022,5,6,0,0
ATL,13,0.9904929577464788,2022,4,5,0,0
BAL,13,0.992043150067598,2022,3,7,0,0
CHI,13,0.9956585365853658,2022,4,3,0,0
CIN,13,1.0111119590933375,2022,9,7,0,0
DAL,13,1.163575,2022,0,8,1,0
DET,13,0.9345076923076923,2022,4,4,0,0
HOU,13,0.9211160343395182,2022,4,0,0,0
LAR,13,1.022238041002278,2022,6,3,0,0
LV,13,0.9557384615384615,2022,6,4,0,0
MIN,13,1.0047708348961069,2022,7,9,0,0
NE,13,0.9857696509000583,2022,8,6,3,0
NYG,13,0.9227636363636363,2022,0,0,0,0
PHI,13,1.0040663256508995,2022,7,10,0,0
SF,13,1.0471824817518247,2022,8,7,0,0
TB,13,0.9926464214510676,2022,4,5,2,0
ARI,14,0.9976498422712934,2022,6,4,2,0
BUF,14,0.9859652552787398,2022,7,9,0,0
CIN,14,1.0107914218117988,2022,5,8,0,0
DAL,14,1.1730375,2022,0,9,0,0
DEN,14,0.999303776683087,2022,9,3,0,0
DET,14,1.0211384615384616,2022,10,5,0,0
LAC,14,1.0,2022,8,6,1,0
LAR,14,1.0640375854214124,2022,5,3,3,0
NYG,14,0.9879515151515151,2022,11,0,0,0
PIT,14,0.9696783625730994,2022,8,5,0,0
SEA,14,0.9952463768115942,2022,4,7,0,0
SF,14,1.0470802919708029,2022,6,8,0,0
TEN,14,0.9893843194538854,2022,4,7,0,0
BUF,15,0.9886325550217853,2022,8,10,0,0
CAR,15,0.9823820909078766,2022,5,5,0,0
CHI,15,0.7873658536585366,2022,12,3,0,0
CLE,15,1.0,2022,9,5,0,0
DEN,15,0.9875730706075534,2022,4,3,0,0
GB,15,0.948772731179627,2022,4,5,2,0
HOU,15,0.9767515923566878,2022,10,0,0,0
JAX,15,1.017866092750376,2022,10,5,0,0
LAC,15,1.0,2022,7,7,0,0
LV,15,0.9580461538461539,2022,7,5,0,0
MIN,15,1.0021903833170804,2022,0,10,0,0
NO,15,0.9567397005791717,2022,5,4,0,0
NYJ,15,0.9100121212121212,2022,6,7,0,0
SEA,15,0.9993768115942029,2022,9,7,3,0
TB,15,1.0012568984946113,2022,9,6,0,0
WAS,15,0.9143494248120856,2022,-1,0,1,0
ARI,16,0.9998895899053628,2022,6,4,1,0
BAL,16,0.9923811401532222,2022,5,9,0,0
CAR,16,0.9239451293627365,2022,7,5,0,0
CHI,16,0.9744552845528456,2022,11,3,0,0
CLE,16,1.0,2022,5,6,0,0
DAL,16,1.171925,2022,13,10,0,0
IND,16,0.9787462686567164,2022,8,0,2,0
KC,16,0.9596288735343383,2022,7,11,0,0
LAR,16,1.0182944191343963,2022,4,4,0,0
MIA,16,1.0153384563573462,2022,6,8,0,0
MIN,16,1.0039606931212963,2022,0,11,0,0
NE,16,0.9857696509000583,2022,10,7,0,0
NYJ,16,0.8490060606060607,2022,6,7,3,0
PIT,16,0.9467982456140351,2022,6,6,0,0
SF,16,1.045868613138686,2022,0,10,0,0
TEN,16,0.9637128848907337,2022,-1,7,0,0
ATL,17,0.9756197183098592,2022,4,5,0,0
BAL,17,1.0004788192879674,2022,7,10,1,0
CIN,17,0.0,2022,13,12,2,0
DET,17,1.0179846153846155,2022,3,7,0,0
GB,17,0.9600815314153804,2022,12,7,0,0
HOU,17,0.8942259761838826,2022,7,0,0,0
KC,17,0.9627695770519263,2022,4,12,0,0
LAC,17,1.0,2022,5,9,0,0
LV,17,0.9594923076923076,2022,11,6,0,0
NE,17,0.9857696509000583,2022,8,7,0,0
NYG,17,0.938169696969697,2022,0,-1,0,0
PHI,17,1.002873728375194,2022,6,13,0,0
SEA,17,0.9974927536231885,2022,7,7,0,0
TB,17,1.001155768730677,2022,6,7,0,0
TEN,17,1.0021549542253012,2022,11,7,3,0
WAS,17,0.7505796181165734,2022,6,0,0,0
ATL,18,0.975718309859155,2022,8,6,0,0
BUF,18,0.9880599932968384,2022,8,12,0,0
CHI,18,0.9757235772357724,2022,12,3,0,0
CIN,18,1.0050980691444706,2022,10,11,0,0
DEN,18,0.9725451559934318,2022,10,4,0,0
GB,18,0.960093810242998,2022,8,8,1,0
IND,18,0.9500746268656717,2022,-1,0,0,0
JAX,18,1.032607093369498,2022,7,8,0,0
LV,18,0.9559384615384615,2022,13,6,0,0
MIA,18,1.0168845482656217,2022,7,8,0,0
NO,18,0.9577914981969183,2022,6,7,0,0
PHI,18,1.0040663256508995,2022,0,13,0,0
PIT,18,0.9505701754385965,2022,7,8,0,0
SEA,18,0.995072463768116,2022,5,8,0,0
SF,18,1.0458102189781022,2022,4,12,0,0
WAS,18,0.927595729285113,2022,12,-1,0,0
ATL,1,0.9802394366197184,2023,0,0,0,0
BAL,1,0.9877196935556557,2023,0,0,0,0
CHI,1,1.0155447154471544,2023,0,0,0,0
CLE,1,1.0072370274799425,2023,0,0,0,0
DEN,1,1.0022857142857142,2023,0,0,0,0
IND,1,0.9813283582089553,2023,0,0,0,0
KC,1,0.9621283500837521,2023,0,0,3,0
LAC,1,1.0,2023,0,0,0,0
MIN,1,1.001290225789513,2023,0,0,0,0
NE,1,0.9670651962471383,2023,0,0,0,0
NO,1,0.9565074855207081,2023,0,0,0,0
NYG,1,0.9795030303030303,2023,0,0,1,0
NYJ,1,1.0102424242424242,2023,0,0,2,0
PIT,1,0.9894590643274854,2023,0,0,0,0
SEA,1,0.9954057971014493,2023,0,0,0,0
WAS,1,0.9553435621778874,2023,0,0,0,0
ARI,2,0.979179810725552,2023,0,0,0,0
ATL,2,0.9753661971830986,2023,1,1,0,0
BUF,2,0.9883253267791309,2023,1,0,0,0
CAR,2,0.9711755513109915,2023,1,0,2,0
CIN,2,1.0076318400366329,2023,1,0,0,0
DAL,2,1.1711125,2023,1,1,0,0
DEN,2,0.9997766830870279,2023,1,0,0,0
DET,2,1.0220615384615384,2023,0,1,0,0
HOU,2,0.9853087787316532,2023,0,0,0,0
JAX,2,1.0306170582859164,2023,0,1,0,0
LAR,2,1.0640945330296128,2023,1,1,0,0
NE,2,0.9670651962471383,2023,1,0,1,0
PHI,2,1.0040663256508995,2023,0,1,3,0
PIT,2,0.987953216374269,2023,1,0,2,0
TB,2,0.9098211447889277,2023,0,1,0,0
TEN,2,0.9753409600393388,2023,0,0,0,0
ARI,3,0.9923501577287066,2023,2,0,0,0
BAL,3,0.9863395673726904,2023,1,2,0,0
CIN,3,0.9945508662138441,2023,1,0,2,0
CLE,3,1.0072370274799425,2023,1,1,0,0
DET,3,0.9815846153846154,2023,2,1,0,0
GB,3,0.9582765437556022,2023,2,1,0,0
JAX,3,0.9060703440549545,2023,0,1,0,0
KC,3,0.9626518006700168,2023,0,1,0,0
LV,3,0.9621692307692308,2023,1,1,1,0
MIA,3,1.003000336772495,2023,0,2,0,0
MIN,3,1.0033455854774584,2023,0,0,0,0
NYJ,3,0.9803151515151515,2023,0,1,0,0
SEA,3,0.9956376811594203,2023,0,1,0,0
SF,3,1.0451532846715328,2023,1,2,3,0
TB,3,0.9452165621659107,2023,2,2,2,0
WAS,3,0.9494070912769319,2023,1,2,0,0
BUF,4,0.9898475030722824,2023,3,2,0,0
CAR,4,0.9729520349419637,2023,0,0,0,0
CHI,4,1.0117073170731707,2023,0,0,0,0
CLE,4,1.0072370274799425,2023,2,2,0,0
DAL,4,1.1714875,2023,1,2,0,0
GB,4,0.9583870532041601,2023,2,2,3,0
HOU,4,0.9886319579063971,2023,2,1,0,0
IND,4,0.9751791044776119,2023,1,2,0,0
JAX,4,0.9966976744186047,2023,2,1,0,1
LAC,4,1.0,2023,1,1,0,0
NO,4,0.9562206316249591,2023,2,2,0,0
NYG,4,0.9516,2023,2,1,2,0
NYJ,4,0.9752848484848485,2023,2,1,1,0
PHI,4,1.0040663256508995,2023,2,3,0,0
SF,4,1.0441021897810219,2023,1,3,0,0
TEN,4,0.997223146233169,2023,1,1,0,0
ARI,5,0.988186119873817,2023,1,1,0,0
ATL,5,0.9783239436619718,2023,2,2,0,0
BUF,5,0.9749085123309467,2023,2,3,0,1
DEN,5,1.0034417077175697,2023,1,1,0,0
DET,5,0.9792,2023,0,3,0,0
IND,5,0.9744328358208956,2023,2,2,0,0
LAR,5,1.0668422551252847,2023,4,2,0,0
LV,5,0.9626461538461538,2023,2,1,2,0
MIA,5,1.0050209717417262,2023,1,3,0,0
MIN,5,1.0052209136598904,2023,3,1,0,0
NE,5,0.9670651962471383,2023,2,1,0,0
PIT,5,0.9835087719298246,2023,3,2,0,0
SF,5,1.0455036496350365,2023,3,4,1,0
WAS,5,0.9410783112069347,2023,0,2,3,0
ATL,6,0.9848028169014085,2023,2,3,0,0
BUF,6,0.984736342308122,2023,1,3,1,0
CHI,6,1.0108455284552846,2023,1,1,0,0
CIN,6,1.0132794016637412,2023,3,2,0,0
CLE,6,1.0,2023,5,2,0,0
HOU,6,0.9943229022431459,2023,3,2,0,0
JAX,6,0.9559686311506825,2023,3,3,0,0
KC,6,0.9622068676716918,2023,1,4,3,0
LAC,6,1.0,2023,3,2,2,0
LAR,6,1.0136958997722096,2023,1,2,0,0
LV,6,0.9536153846153846,2023,1,2,0,0
MIA,6,1.003107491657227,2023,0,4,0,0
NYJ,6,1.0068848484848485,2023,5,2,0,0
TB,6,0.9513999248750326,2023,4,3,0,0
TEN,6,0.9707398568019093,2023,3,2,0,1
BAL,7,0.9997324245155476,2023,5,4,0,0
CHI,7,1.0113658536585366,2023,3,1,0,0
DEN,7,1.0099178981937602,2023,2,1,0,0
IND,7,0.9783880597014926,2023,3,3,0,0
KC,7,0.963698701842546,2023,2,5,0,0
LAR,7,1.045999430523918,2023,3,3,0,0
MIN,7,1.0048008401470256,2023,5,2,2,0
NE,7,0.9670651962471383,2023,4,1,0,0
NO,7,0.9563025898808873,2023,4,3,3,0
NYG,7,0.9899515151515151,2023,3,1,0,0
PHI,7,1.0040663256508995,2023,5,5,1,0
SEA,7,0.9968260869565218,2023,1,3,0,0
TB,7,0.9046779739374151,2023,3,3,0,0
ARI,8,0.9947003154574132,2023,5,1,0,0
BUF,8,0.9833538152161769,2023,3,4,3,0
CAR,8,0.955093699493769,2023,3,0,0,0
DAL,8,1.1681,2023,3,4,0,0
DEN,8,1.0021149425287357,2023,6,2,0,0
DET,8,1.0272923076923077,2023,3,5,2,0
GB,8,0.9591360616888299,2023,3,2,0,0
IND,8,0.9765223880597015,2023,3,3,0,0
LAC,8,1.0,2023,2,2,1,0
MIA,8,1.007806998744757,2023,2,5,0,0
NYG,8,1.0105090909090908,2023,3,2,0,0
PIT,8,0.9828216374269005,2023,5,4,0,0
SEA,8,0.9972028985507246,2023,4,4,0,0
SF,8,1.0460583941605839,2023,3,5,0,0
TEN,8,0.9835847446596184,2023,4,2,0,0
WAS,8,0.9547528685559018,2023,6,3,0,0
ATL,9,0.9819014084507042,2023,4,4,0,0
BAL,9,0.9964088553402434,2023,5,6,0,0
CAR,9,0.965725887240039,2023,3,1,0,0
CIN,9,1.022132336106235,2023,5,4,1,0
CLE,9,1.0072370274799425,2023,1,4,0,0
GB,9,0.9504917670460824,2023,3,2,0,0
HOU,9,0.9801301578510108,2023,3,3,0,0
KC,9,1.00046,2023,6,6,0,1
LV,9,0.9551076923076923,2023,2,3,0,0
NE,9,0.9670651962471383,2023,3,2,0,0
NO,9,0.9562616107529232,2023,2,4,0,0
NYJ,9,0.9140242424242424,2023,3,4,2,0
PHI,9,1.0040663256508995,2023,5,7,0,0
PIT,9,0.9644590643274854,2023,3,4,3,0
ARI,10,0.9914984227129338,2023,4,1,0,0
BAL,10,0.9917755745831456,2023,5,7,0,0
BUF,10,0.9819852530443526,2023,3,5,2,0
CHI,10,0.9951219512195122,2023,1,2,3,0
CIN,10,1.0154315805540717,2023,4,5,0,0
DAL,10,1.166725,2023,2,5,0,0
JAX,10,1.0211238538872018,2023,5,6,0,0
LAC,10,1.0,2023,6,4,0,0
LV,10,0.9597384615384615,2023,4,4,1,0
MIN,10,1.0041707298777287,2023,5,5,0,0
NE,10,1.00288,2023,4,2,0,1
PIT,10,0.9885526315789473,2023,3,5,0,0
SEA,10,0.9959565217391304,2023,4,5,0,0
TB,10,0.9061949203964287,2023,3,3,0,0
BAL,11,0.9998450878774222,2023,5,7,3,0
BUF,11,0.9859652552787398,2023,4,5,0,0
CAR,11,0.9823153058089679,2023,6,1,0,0
CLE,11,1.0072370274799425,2023,6,6,0,0
DEN,11,1.0094975369458128,2023,6,4,1,0
DET,11,0.9826615384615385,2023,3,7,0,0
GB,11,0.9507741800812859,2023,4,3,0,0
HOU,11,0.9726806978676267,2023,2,5,0,0
JAX,11,0.9902267165895221,2023,3,6,0,0
KC,11,0.9651643634840871,2023,8,7,2,0
LAR,11,1.0350797266514806,2023,6,3,0,0
MIA,11,1.010715488473196,2023,5,6,0,0
SF,11,1.0453576642335767,2023,4,6,0,0
WAS,11,0.926118995230149,2023,2,4,0,0
ARI,12,0.9807097791798107,2023,4,2,0,0
ATL,12,0.9882535211267606,2023,5,4,0,0
CIN,12,0.9935129359688621,2023,6,5,0,0
DAL,12,1.1713875,2023,4,7,0,0
DEN,12,1.0017865353037767,2023,7,5,0,0
DET,12,1.0227076923076923,2023,4,8,0,0
HOU,12,0.9875934644142896,2023,7,6,0,0
IND,12,0.9612985074626865,2023,4,5,0,0
LAC,12,1.0,2023,8,4,1,0
LV,12,0.9606307692307692,2023,7,5,0,0
MIN,12,1.0028204935863776,2023,3,6,2,0
NYG,12,0.9964969696969697,2023,2,3,0,0
NYJ,12,1.0057333333333334,2023,7,4,4,0
PHI,12,1.0040663256508995,2023,6,9,0,0
SEA,12,0.9956811594202899,2023,7,6,3,0
TEN,12,0.9038225127634034,2023,1,3,0,0
DAL,13,1.1670875,2023,6,8,3,0
GB,13,0.9592711287926229,2023,8,5,1,0
HOU,13,0.9923843810578787,2023,6,6,0,0
JAX,13,1.0016657330699608,2023,5,8,2,0
LAR,13,1.0376850797266515,2023,7,5,0,0
NE,13,0.9670651962471383,2023,4,2,0,0
NO,13,0.9562206316249591,2023,8,5,0,0
NYJ,13,0.9024848484848484,2023,5,4,0,0
PHI,13,1.0040663256508995,2023,8,10,0,0
PIT,13,0.9712865497076023,2023,2,7,0,0
TB,13,0.9019619174203242,2023,1,4,0,0
TEN,13,0.905963004208669,2023,6,4,0,0
WAS,13,0.9371206639396311,2023,8,4,0,0
ATL,14,0.9788169014084507,2023,5,6,0,0
BAL,14,0.9927332131590807,2023,6,9,0,0
CHI,14,1.011138211382114,2023,9,4,0,0
CIN,14,1.0071128749141418,2023,7,6,0,0
CLE,14,1.0,2023,8,7,0,0
DAL,14,1.1719,2023,10,9,1,0
KC,14,0.9636594430485762,2023,6,8,0,0
LAC,14,1.0,2023,6,5,0,0
LV,14,0.9634769230769231,2023,6,5,0,0
MIA,14,1.0113584177815877,2023,4,9,2,0
NO,14,0.9563025898808873,2023,1,5,0,0
NYG,14,0.9289333333333334,2023,6,4,2,0
NYJ,14,0.8843151515151515,2023,7,4,0,0
PIT,14,0.9704093567251462,2023,2,7,3,0
SF,14,1.0484087591240876,2023,6,9,0,0
ARI,15,1.0089432176656152,2023,10,3,0,0
BUF,15,0.9905736789185566,2023,10,7,0,0
CAR,15,0.9390118476765464,2023,6,1,0,0
CIN,15,1.0131420285430817,2023,7,7,0,0
CLE,15,1.0072370274799425,2023,5,8,0,0
DET,15,0.9923076923076923,2023,7,9,0,0
GB,15,0.9488464041453322,2023,6,6,0,0
IND,15,0.9577761194029851,2023,7,7,0,0
JAX,15,1.0026976031132993,2023,10,8,1,0
LAR,15,1.0255552391799545,2023,4,6,0,0
LV,15,0.9485230769230769,2023,5,5,3,0
MIA,15,1.0098123258733123,2023,5,9,0,0
NE,15,0.9670651962471383,2023,8,3,0,0
NO,15,0.9566987214512075,2023,5,6,0,0
SEA,15,0.9964927536231885,2023,10,6,2,0
TEN,15,0.9577108311759687,2023,7,5,0,0
ATL,16,0.974943661971831,2023,8,6,0,0
CAR,16,0.9466787770312688,2023,6,2,0,0
CHI,16,0.9752520325203252,2023,3,5,0,0
DEN,16,1.0009983579638753,2023,3,7,0,0
HOU,16,0.98076710052617,2023,9,8,0,0
KC,16,0.9615787269681743,2023,6,9,0,0
LAC,16,0.9635250569476081,2023,8,5,0,0
LAR,16,1.0425398633257403,2023,7,7,3,0
MIA,16,1.0165936992927778,2023,10,10,0,0
MIN,16,1.0041557272522692,2023,10,7,0,0
NYJ,16,0.8178181818181818,2023,4,5,0,0
PHI,16,1.0040663256508995,2023,5,10,0,0
PIT,16,0.9743567251461989,2023,8,7,4,0
SF,16,1.0483503649635038,2023,11,11,2,0
TB,16,0.9036233349706724,2023,8,7,0,0
TEN,16,0.870384565321146,2023,7,5,0,0
BAL,17,1.0026475890040558,2023,11,12,0,0
BUF,17,0.9883253267791309,2023,4,9,0,0
CHI,17,1.0040975609756098,2023,7,6,0,0
CLE,17,1.0072370274799425,2023,6,10,3,0
DAL,17,1.1716375,2023,11,10,4,0
DEN,17,1.001353037766831,2023,5,7,0,0
HOU,17,0.9902658543339795,2023,5,8,0,0
IND,17,0.9781791044776119,2023,7,8,0,0
JAX,17,0.9910816946254312,2023,2,8,0,0
KC,17,0.9626910594639866,2023,8,9,0,0
MIN,17,1.0052209136598904,2023,7,7,1,0
NYG,17,0.9153575757575757,2023,8,5,0,0
PHI,17,1.0040663256508995,2023,3,11,0,0
SEA,17,0.996159420289855,2023,8,8,0,0
TB,17,0.9497674015429513,2023,7,8,0,0
WAS,17,0.9513711475700342,2023,11,4,0,0
ARI,18,0.9967981072555205,2023,8,4,0,0
BAL,18,0.9908038530869762,2023,9,13,4,0
CAR,18,0.9217679351383119,2023,8,2,0,0
CIN,18,1.005342288025643,2023,11,8,0,0
DET,18,0.9728153846153846,2023,7,11,0,0
GB,18,0.9600569737601454,2023,7,8,0,0
IND,18,0.983955223880597,2023,9,9,4,0
LAC,18,0.9720102505694761,2023,10,5,0,0
LV,18,0.9450615384615385,2023,8,7,0,0
MIA,18,1.0147873740930105,2023,10,11,1,0
NE,18,0.9670651962471383,2023,6,4,0,0
NO,18,0.9571631515681346,2023,7,8,0,0
NYG,18,0.918060606060606,2023,11,5,0,0
SF,18,1.0456058394160583,2023,9,12,0,0
TEN,18,0.921915450587912,2023,9,5,0,0
WAS,18,0.9398673892818642,2023,11,4,0,0
